EcolDataID,CountryID,EcolIndicatorID,Year,Value
001,1,1,2014,6072489.0
002,1,1,2015,4712144.0
003,1,1,2016,4555035.0
004,1,1,2017,5343792.0
005,1,1,2018,5194860.0
006,1,1,2019,4940528.0
007,1,1,2020,4865033.0
008,1,1,2021,5137011.0
009,1,1,2022,4498282.0
010,1,1,2023,4417333.0
011,1,1,2024,4444448.0
012,2,1,2014,152434660.0
013,2,1,2015,160321620.0
014,2,1,2016,158308320.0
015,2,1,2017,165251630.0
016,2,1,2018,174461180.0
017,2,1,2019,182425000.0
018,2,1,2020,171138530.0
019,2,1,2021,182035800.0
020,2,1,2022,192778560.0
021,2,1,2023,202846660.0
022,2,1,2024,198203180.0
023,3,1,2014,64158736.0
024,3,1,2015,66357780.0
025,3,1,2016,67218740.0
026,3,1,2017,69601480.0
027,3,1,2018,66566510.0
028,3,1,2019,67951230.0
029,3,1,2020,62179828.0
030,3,1,2021,65751344.0
031,3,1,2022,61454140.0
032,3,1,2023,56908956.0
033,3,1,2024,56367656.0
034,4,1,2014,34344760.0
035,4,1,2015,34683330.0
036,4,1,2016,34726970.0
037,4,1,2017,34698280.0
038,4,1,2018,34576230.0
039,4,1,2019,37752550.0
040,4,1,2020,36237164.0
041,4,1,2021,38299644.0
042,4,1,2022,41174576.0
043,4,1,2023,42748196.0
044,4,1,2024,39830140.0
045,5,1,2014,67551890.0
046,5,1,2015,76946130.0
047,5,1,2016,81761160.0
048,5,1,2017,86530870.0
049,5,1,2018,86608110.0
050,5,1,2019,94807690.0
051,5,1,2020,95729090.0
052,5,1,2021,98530280.0
053,5,1,2022,102147410.0
054,5,1,2023,104526670.0
055,5,1,2024,108317880.0
056,6,1,2014,63699212.0
057,6,1,2015,58827810.0
058,6,1,2016,58188064.0
059,6,1,2017,59444372.0
060,6,1,2018,62170668.0
061,6,1,2019,62170636.0
062,6,1,2020,59122900.0
063,6,1,2021,60861080.0
064,6,1,2022,57120548.0
065,6,1,2023,55736064.0
066,6,1,2024,55818416.0
067,7,1,2014,97080950.0
068,7,1,2015,101327496.0
069,7,1,2016,99816290.0
070,7,1,2017,99282190.0
071,7,1,2018,100256370.0
072,7,1,2019,99798730.0
073,7,1,2020,91254550.0
074,7,1,2021,94928070.0
075,7,1,2022,88914970.0
076,7,1,2023,84703360.0
077,7,1,2024,85456200.0
078,8,1,2014,1332335.0
079,8,1,2015,1433898.0
080,8,1,2016,1560270.0
081,8,1,2017,1649287.0
082,8,1,2018,1681916.0
083,8,1,2019,1564881.0
084,8,1,2020,1213662.0
085,8,1,2021,1454682.0
086,8,1,2022,1549593.0
087,8,1,2023,1629648.0
088,8,1,2024,1657416.0
089,9,1,2014,19311786.0
090,9,1,2015,18460492.0
091,9,1,2016,21734072.0
092,9,1,2017,22152510.0
093,9,1,2018,22078696.0
094,9,1,2019,20810378.0
095,9,1,2020,20831812.0
096,9,1,2021,21267650.0
097,9,1,2022,20742836.0
098,9,1,2023,19881310.0
099,9,1,2024,19425932.0
100,10,1,2014,556525500.0
101,10,1,2015,528173540.0
102,10,1,2016,491744830.0
103,10,1,2017,497254560.0
104,10,1,2018,476600540.0
105,10,1,2019,476723740.0
106,10,1,2020,447999400.0
107,10,1,2021,496562000.0
108,10,1,2022,480058300.0
109,10,1,2023,483991940.0
110,10,1,2024,483011550.0
111,11,1,2014,45169064.0
112,11,1,2015,48127124.0
113,11,1,2016,45343750.0
114,11,1,2017,47445844.0
115,11,1,2018,43503330.0
116,11,1,2019,42194980.0
117,11,1,2020,36571028.0
118,11,1,2021,42365030.0
119,11,1,2022,46931790.0
120,11,1,2023,34500948.0
121,11,1,2024,31621824.0
122,12,1,2014,6702344.0
123,12,1,2015,8186074.5
124,12,1,2016,10643550.0
125,12,1,2017,12087146.0
126,12,1,2018,13937509.0
127,12,1,2019,18626280.0
128,12,1,2020,20990796.0
129,12,1,2021,20775382.0
130,12,1,2022,20865134.0
131,12,1,2023,21411502.0
132,12,1,2024,21882690.0
133,13,1,2014,564938240.0
134,13,1,2015,563002560.0
135,13,1,2016,553707000.0
136,13,1,2017,566660300.0
137,13,1,2018,575090750.0
138,13,1,2019,579007040.0
139,13,1,2020,524207940.0
140,13,1,2021,537478660.0
141,13,1,2022,547657660.0
142,13,1,2023,545478500.0
143,13,1,2024,533340100.0
144,14,1,2014,131904.0
145,14,1,2015,194192.0
146,14,1,2016,238160.0
147,14,1,2017,285792.0
148,14,1,2018,271136.0
149,14,1,2019,311440.0
150,14,1,2020,333424.0
151,14,1,2021,366400.0
152,14,1,2022,377392.0
153,14,1,2023,389279.0
154,14,1,2024,394681.0
155,15,1,2014,2182780.0
156,15,1,2015,2351874.0
157,15,1,2016,2381583.0
158,15,1,2017,2340762.0
159,15,1,2018,2383510.0
160,15,1,2019,2299785.0
161,15,1,2020,2356446.0
162,15,1,2021,2670142.0
163,15,1,2022,2800401.0
164,15,1,2023,2848394.0
165,15,1,2024,2831401.0
166,16,1,2014,77586210.0
167,16,1,2015,81778460.0
168,16,1,2016,84250500.0
169,16,1,2017,84134620.0
170,16,1,2018,84442640.0
171,16,1,2019,91977050.0
172,16,1,2020,80178220.0
173,16,1,2021,83630310.0
174,16,1,2022,85743784.0
175,16,1,2023,77604216.0
176,16,1,2024,78725544.0
177,17,1,2014,92041690.0
178,17,1,2015,91026590.0
179,17,1,2016,91582890.0
180,17,1,2017,83458820.0
181,17,1,2018,90810690.0
182,17,1,2019,98961910.0
183,17,1,2020,92305150.0
184,17,1,2021,103733530.0
185,17,1,2022,89436940.0
186,17,1,2023,89992344.0
187,17,1,2024,92659384.0
188,18,1,2014,5471087.0
189,18,1,2015,5636681.0
190,18,1,2016,5727211.0
191,18,1,2017,5650948.0
192,18,1,2018,6544667.0
193,18,1,2019,7293597.0
194,18,1,2020,7677297.0
195,18,1,2021,7392860.0
196,18,1,2022,8727515.0
197,18,1,2023,8274273.0
198,18,1,2024,8839770.0
199,19,1,2014,7701873.0
200,19,1,2015,7352825.0
201,19,1,2016,7828942.0
202,19,1,2017,7986782.0
203,19,1,2018,7966997.0
204,19,1,2019,7660395.0
205,19,1,2020,6754070.0
206,19,1,2021,7665438.0
207,19,1,2022,8010137.5
208,19,1,2023,8472529.0
209,19,1,2024,8760451.0
210,20,1,2014,9903225.0
211,20,1,2015,9554745.0
212,20,1,2016,11979472.0
213,20,1,2017,12001905.0
214,20,1,2018,10415200.0
215,20,1,2019,10538745.0
216,20,1,2020,11018607.0
217,20,1,2021,13665820.0
218,20,1,2022,14504321.0
219,20,1,2023,14052436.0
220,20,1,2024,14828585.0
221,21,1,2014,6929789.0
222,21,1,2015,6952477.0
223,21,1,2016,7349926.0
224,21,1,2017,7469282.0
225,21,1,2018,7324203.0
226,21,1,2019,7324482.0
227,21,1,2020,6903173.0
228,21,1,2021,6950782.0
229,21,1,2022,7070778.0
230,21,1,2023,7188089.0
231,21,1,2024,7299328.0
232,22,1,2014,104232570.0
233,22,1,2015,104989704.0
234,22,1,2016,106636424.0
235,22,1,2017,107735540.0
236,22,1,2018,106322056.0
237,22,1,2019,100997496.0
238,22,1,2020,91661460.0
239,22,1,2021,96629410.0
240,22,1,2022,95039670.0
241,22,1,2023,83232250.0
242,22,1,2024,75623000.0
243,23,1,2014,37571384.0
244,23,1,2015,35110572.0
245,23,1,2016,36916560.0
246,23,1,2017,34664620.0
247,23,1,2018,34608956.0
248,23,1,2019,30950284.0
249,23,1,2020,28299676.0
250,23,1,2021,29603524.0
251,23,1,2022,29094320.0
252,23,1,2023,28831184.0
253,23,1,2024,28369162.0
254,24,1,2014,21264210.0
255,24,1,2015,22986128.0
256,24,1,2016,24140366.0
257,24,1,2017,23455196.0
258,24,1,2018,25203124.0
259,24,1,2019,28471104.0
260,24,1,2020,26227630.0
261,24,1,2021,29362702.0
262,24,1,2022,31224796.0
263,24,1,2023,31828554.0
264,24,1,2024,33130818.0
265,25,1,2014,43759816.0
266,25,1,2015,41297732.0
267,25,1,2016,39374516.0
268,25,1,2017,39195870.0
269,25,1,2018,38451190.0
270,25,1,2019,40082630.0
271,25,1,2020,32473266.0
272,25,1,2021,38184976.0
273,25,1,2022,42065652.0
274,25,1,2023,44599590.0
275,25,1,2024,45979548.0
276,26,1,2014,18783952.0
277,26,1,2015,15779627.0
278,26,1,2016,17432910.0
279,26,1,2017,18616038.0
280,26,1,2018,17800688.0
281,26,1,2019,12288094.0
282,26,1,2020,9198245.0
283,26,1,2021,10390915.0
284,26,1,2022,11966227.0
285,26,1,2023,8744257.0
286,26,1,2024,8306777.0
287,27,1,2014,11543205.0
288,27,1,2015,12563614.0
289,27,1,2016,14323219.0
290,27,1,2017,14602656.0
291,27,1,2018,16117197.0
292,27,1,2019,17177142.0
293,27,1,2020,16735016.0
294,27,1,2021,17905590.0
295,27,1,2022,16959748.0
296,27,1,2023,17570662.0
297,27,1,2024,17837292.0
298,28,1,2014,1179808.0
299,28,1,2015,1461936.0
300,28,1,2016,1344688.0
301,28,1,2017,1454608.0
302,28,1,2018,1480256.0
303,28,1,2019,1509456.0
304,28,1,2020,1370240.0
305,28,1,2021,1088327.0
306,28,1,2022,1388656.0
307,28,1,2023,1382096.0
308,28,1,2024,1445316.0
309,29,1,2014,47622000.0
310,29,1,2015,44192000.0
311,29,1,2016,47252000.0
312,29,1,2017,44657000.0
313,29,1,2018,45736000.0
314,29,1,2019,42444000.0
315,29,1,2020,37720000.0
316,29,1,2021,37820000.0
317,29,1,2022,36337000.0
318,29,1,2023,31799000.0
319,29,1,2024,29775000.0
320,30,1,2014,327808770.0
321,30,1,2015,332131000.0
322,30,1,2016,335496400.0
323,30,1,2017,338368030.0
324,30,1,2018,323101730.0
325,30,1,2019,316320800.0
326,30,1,2020,281515500.0
327,30,1,2021,307271840.0
328,30,1,2022,295303800.0
329,30,1,2023,270262660.0
330,30,1,2024,264155620.0
331,31,1,2014,9058119.0
332,31,1,2015,9790616.0
333,31,1,2016,10042935.0
334,31,1,2017,10059788.0
335,31,1,2018,9888335.0
336,31,1,2019,10517087.0
337,31,1,2020,10377979.0
338,31,1,2021,10749759.0
339,31,1,2022,11999864.0
340,31,1,2023,11922203.0
341,31,1,2024,11784258.0
342,32,1,2014,792583600.0
343,32,1,2015,800822500.0
344,32,1,2016,797988300.0
345,32,1,2017,784595140.0
346,32,1,2018,758771400.0
347,32,1,2019,708648960.0
348,32,1,2020,647176800.0
349,32,1,2021,677997700.0
350,32,1,2022,667843000.0
351,32,1,2023,593766000.0
352,32,1,2024,572319170.0
353,33,1,2014,13256576.0
354,33,1,2015,14568119.0
355,33,1,2016,13913649.0
356,33,1,2017,12437270.0
357,33,1,2018,15189658.0
358,33,1,2019,16415195.0
359,33,1,2020,19164054.0
360,33,1,2021,20556058.0
361,33,1,2022,20745210.0
362,33,1,2023,20135648.0
363,33,1,2024,21021874.0
364,34,1,2014,78635700.0
365,34,1,2015,74926664.0
366,34,1,2016,71359610.0
367,34,1,2017,74841750.0
368,34,1,2018,71778090.0
369,34,1,2019,65736330.0
370,34,1,2020,55576930.0
371,34,1,2021,57527910.0
372,34,1,2022,57609050.0
373,34,1,2023,51988224.0
374,34,1,2024,53360840.0
375,35,1,2014,13424808.0
376,35,1,2015,15449177.0
377,35,1,2016,16523710.0
378,35,1,2017,16992724.0
379,35,1,2018,18338418.0
380,35,1,2019,19258856.0
381,35,1,2020,17156898.0
382,35,1,2021,19984124.0
383,35,1,2022,18913354.0
384,35,1,2023,19736068.0
385,35,1,2024,19880430.0
386,36,1,2014,142896.0
387,36,1,2015,153888.0
388,36,1,2016,168544.0
389,36,1,2017,183200.0
390,36,1,2018,197856.0
391,36,1,2019,256480.02
392,36,1,2020,311440.0
393,36,1,2021,340752.0
394,36,1,2022,344416.0
395,36,1,2023,329342.0
396,36,1,2024,342189.0
397,37,1,2014,15294128000.0
398,37,1,2015,15215525000.0
399,37,1,2016,15070386000.0
400,37,1,2017,15069183000.0
401,37,1,2018,15204227000.0
402,37,1,2019,14916665000.0
403,37,1,2020,13694959000.0
404,37,1,2021,14370719000.0
405,37,1,2022,14274797000.0
406,37,1,2023,13890804000.0
407,37,1,2024,13867993000.0
408,38,1,2014,9503222.0
409,38,1,2015,10897808.0
410,38,1,2016,9938747.0
411,38,1,2017,10197924.0
412,38,1,2018,9876190.0
413,38,1,2019,10962543.0
414,38,1,2020,9976783.0
415,38,1,2021,11059747.0
416,38,1,2022,11742019.0
417,38,1,2023,12404354.0
418,38,1,2024,12854842.0
419,39,1,2014,43638876.0
420,39,1,2015,46566910.0
421,39,1,2016,47039120.0
422,39,1,2017,49423524.0
423,39,1,2018,49366230.0
424,39,1,2019,49158950.0
425,39,1,2020,47105320.0
426,39,1,2021,48326284.0
427,39,1,2022,45267340.0
428,39,1,2023,40343864.0
429,39,1,2024,40017292.0
430,40,1,2014,498028800.0
431,40,1,2015,551160060.0
432,40,1,2016,547968900.0
433,40,1,2017,570928200.0
434,40,1,2018,607378370.0
435,40,1,2019,665049340.0
436,40,1,2020,623304000.0
437,40,1,2021,632946050.0
438,40,1,2022,758020500.0
439,40,1,2023,762357570.0
440,40,1,2024,812220200.0
441,41,1,2014,36849876.0
442,41,1,2015,38715396.0
443,41,1,2016,40369024.0
444,41,1,2017,39040450.0
445,41,1,2018,38922364.0
446,41,1,2019,37199836.0
447,41,1,2020,35052570.0
448,41,1,2021,37473684.0
449,41,1,2022,36675670.0
450,41,1,2023,33567940.0
451,41,1,2024,33310624.0
452,42,1,2014,60278816.0
453,42,1,2015,62935624.0
454,42,1,2016,61164350.0
455,42,1,2017,58849100.0
456,42,1,2018,59985932.0
457,42,1,2019,58950148.0
458,42,1,2020,59285372.0
459,42,1,2021,58950084.0
460,42,1,2022,62267304.0
461,42,1,2023,55381996.0
462,42,1,2024,52637136.0
463,43,1,2014,349388960.0
464,43,1,2015,361243700.0
465,43,1,2016,358133150.0
466,43,1,2017,352666240.0
467,43,1,2018,349048350.0
468,43,1,2019,339637950.0
469,43,1,2020,302600100.0
470,43,1,2021,335930430.0
471,43,1,2022,340114720.0
472,43,1,2023,312290660.0
473,43,1,2024,301929760.0
474,44,1,2014,1260272400.0
475,44,1,2015,1219982500.0
476,44,1,2016,1199932900.0
477,44,1,2017,1184391700.0
478,44,1,2018,1138549800.0
479,44,1,2019,1102063000.0
480,44,1,2020,1037284700.0
481,44,1,2021,1058501800.0
482,44,1,2022,1029644900.0
483,44,1,2023,986910140.0
484,44,1,2024,961867300.0
485,45,1,2014,299137340.0
486,45,1,2015,303052300.0
487,45,1,2016,301738800.0
488,45,1,2017,317720420.0
489,45,1,2018,329572130.0
490,45,1,2019,296039600.0
491,45,1,2020,281789200.0
492,45,1,2021,244903710.0
493,45,1,2022,274345570.0
494,45,1,2023,286174900.0
495,45,1,2024,287005950.0
496,46,1,2014,10236388.0
497,46,1,2015,10264781.0
498,46,1,2016,9621676.0
499,46,1,2017,9364119.0
500,46,1,2018,11174909.0
501,46,1,2019,9046661.0
502,46,1,2020,8348490.5
503,46,1,2021,10338292.0
504,46,1,2022,11512894.0
505,46,1,2023,11144427.0
506,46,1,2024,11770158.0
507,47,1,2014,4383017.0
508,47,1,2015,9184793.0
509,47,1,2016,16406527.0
510,47,1,2017,19624934.0
511,47,1,2018,20481498.0
512,47,1,2019,18339868.0
513,47,1,2020,18293558.0
514,47,1,2021,21836638.0
515,47,1,2022,22548782.0
516,47,1,2023,24157068.0
517,47,1,2024,24399926.0
518,48,1,2014,7172200.0
519,48,1,2015,7262421.0
520,48,1,2016,7210682.0
521,48,1,2017,7215320.0
522,48,1,2018,7843189.0
523,48,1,2019,7633452.0
524,48,1,2020,6999268.0
525,48,1,2021,7218349.0
526,48,1,2022,6607997.0
527,48,1,2023,6589883.0
528,48,1,2024,6461889.0
529,49,1,2014,23992028.0
530,49,1,2015,25731236.0
531,49,1,2016,26437870.0
532,49,1,2017,27820720.0
533,49,1,2018,25812102.0
534,49,1,2019,25141072.0
535,49,1,2020,23693950.0
536,49,1,2021,19474380.0
537,49,1,2022,15360705.0
538,49,1,2023,15558805.0
539,49,1,2024,15649973.0
540,50,1,2014,12845803.0
541,50,1,2015,13045220.0
542,50,1,2016,13101518.0
543,50,1,2017,13277398.0
544,50,1,2018,13414424.0
545,50,1,2019,13647340.0
546,50,1,2020,13499604.0
547,50,1,2021,13778095.0
548,50,1,2022,12895064.0
549,50,1,2023,12507402.0
550,50,1,2024,12541509.0
551,51,1,2014,174600210.0
552,51,1,2015,152336100.0
553,51,1,2016,159129780.0
554,51,1,2017,201243520.0
555,51,1,2018,199088300.0
556,51,1,2019,214494140.0
557,51,1,2020,207230480.0
558,51,1,2021,199590140.0
559,51,1,2022,202699650.0
560,51,1,2023,209172480.0
561,51,1,2024,210953000.0
562,52,1,2014,3487512000.0
563,52,1,2015,3632174000.0
564,52,1,2016,3854897000.0
565,52,1,2017,4009564000.0
566,52,1,2018,4202011600.0
567,52,1,2019,4329724400.0
568,52,1,2020,4174302700.0
569,52,1,2021,4500257300.0
570,52,1,2022,4626043000.0
571,52,1,2023,4879772000.0
572,52,1,2024,5089165000.0
573,53,1,2014,2971004.0
574,53,1,2015,3121228.0
575,53,1,2016,3256796.0
576,53,1,2017,3803787.0
577,53,1,2018,3604454.0
578,53,1,2019,4146515.0
579,53,1,2020,3788076.0
580,53,1,2021,4246076.0
581,53,1,2022,4209640.0
582,53,1,2023,4446771.0
583,53,1,2024,4528381.0
584,54,1,2014,1015111.0
585,54,1,2015,1049909.0
586,54,1,2016,1172440.0
587,54,1,2017,1193033.0
588,54,1,2018,1690049.0
589,54,1,2019,1695354.0
590,54,1,2020,1868050.0
591,54,1,2021,1682495.0
592,54,1,2022,1801388.0
593,54,1,2023,1852568.0
594,54,1,2024,1881479.0
595,55,1,2014,245053380.0
596,55,1,2015,235941760.0
597,55,1,2016,237293890.0
598,55,1,2017,244457090.0
599,55,1,2018,262647070.0
600,55,1,2019,277672900.0
601,55,1,2020,262158820.0
602,55,1,2021,273332160.0
603,55,1,2022,281883800.0
604,55,1,2023,276296770.0
605,55,1,2024,290223840.0
606,56,1,2014,484044500.0
607,56,1,2015,479433730.0
608,56,1,2016,478827740.0
609,56,1,2017,464406620.0
610,56,1,2018,468420600.0
611,56,1,2019,468235840.0
612,56,1,2020,428936830.0
613,56,1,2021,446837570.0
614,56,1,2022,453799100.0
615,56,1,2023,458253860.0
616,56,1,2024,460987650.0
617,57,1,2014,4755152.0
618,57,1,2015,4785084.0
619,57,1,2016,4907333.0
620,57,1,2017,5090404.0
621,57,1,2018,5351240.0
622,57,1,2019,5378353.0
623,57,1,2020,5113134.0
624,57,1,2021,5760043.0
625,57,1,2022,5173479.0
626,57,1,2023,5329303.0
627,57,1,2024,5326843.0
628,58,1,2014,29629786.0
629,58,1,2015,23278636.0
630,58,1,2016,25629114.0
631,58,1,2017,34138988.0
632,58,1,2018,45319308.0
633,58,1,2019,47118988.0
634,58,1,2020,42477500.0
635,58,1,2021,35971700.0
636,58,1,2022,40443170.0
637,58,1,2023,44183664.0
638,58,1,2024,44693890.0
639,59,1,2014,2106800.0
640,59,1,2015,2238704.0
641,59,1,2016,2015199.9
642,59,1,2017,2103136.0
643,59,1,2018,2403584.0
644,59,1,2019,2476864.0
645,59,1,2020,2403584.0
646,59,1,2021,2410912.0
647,59,1,2022,2495184.0
648,59,1,2023,2406849.0
649,59,1,2024,2376258.0
650,60,1,2014,57174916.0
651,60,1,2015,58498840.0
652,60,1,2016,58457476.0
653,60,1,2017,61103764.0
654,60,1,2018,62314932.0
655,60,1,2019,68743490.0
656,60,1,2020,64541824.0
657,60,1,2021,70275310.0
658,60,1,2022,69779460.0
659,60,1,2023,68961176.0
660,60,1,2024,69062344.0
661,61,1,2014,7587670.0
662,61,1,2015,6904651.0
663,61,1,2016,10088048.0
664,61,1,2017,12421580.0
665,61,1,2018,14038992.0
666,61,1,2019,12750490.0
667,61,1,2020,15630800.0
668,61,1,2021,15486231.0
669,61,1,2022,17608968.0
670,61,1,2023,18347820.0
671,61,1,2024,18776082.0
672,62,1,2014,157502820.0
673,62,1,2015,163958100.0
674,62,1,2016,164811760.0
675,62,1,2017,162295740.0
676,62,1,2018,158264260.0
677,62,1,2019,152727100.0
678,62,1,2020,136974140.0
679,62,1,2021,139885680.0
680,62,1,2022,127503144.0
681,62,1,2023,117016380.0
682,62,1,2024,114784730.0
683,63,1,2014,35399336.0
684,63,1,2015,35805096.0
685,63,1,2016,34134956.0
686,63,1,2017,35661264.0
687,63,1,2018,35686796.0
688,63,1,2019,36710612.0
689,63,1,2020,34108960.0
690,63,1,2021,34596516.0
691,63,1,2022,31965866.0
692,63,1,2023,31559814.0
693,63,1,2024,32479432.0
694,64,1,2014,123971240.0
695,64,1,2015,110524590.0
696,64,1,2016,116396000.0
697,64,1,2017,112540370.0
698,64,1,2018,106785730.0
699,64,1,2019,127859300.0
700,64,1,2020,124899300.0
701,64,1,2021,147776620.0
702,64,1,2022,131440936.0
703,64,1,2023,129376100.0
704,64,1,2024,135824000.0
705,65,1,2014,7166784.0
706,65,1,2015,6719776.0
707,65,1,2016,6606192.0
708,65,1,2017,7090023.0
709,65,1,2018,6653824.0
710,65,1,2019,7624613.0
711,65,1,2020,6979920.0
712,65,1,2021,6518256.0
713,65,1,2022,7352171.0
714,65,1,2023,7338385.0
715,65,1,2024,6619636.0
716,66,1,2014,44975000.0
717,66,1,2015,45523000.0
718,66,1,2016,44708000.0
719,66,1,2017,44197000.0
720,66,1,2018,44472000.0
721,66,1,2019,42866000.0
722,66,1,2020,41275000.0
723,66,1,2021,41058000.0
724,66,1,2022,40833000.0
725,66,1,2023,38869000.0
726,66,1,2024,37183000.0
727,67,1,2014,150809500.0
728,67,1,2015,144895550.0
729,67,1,2016,176740980.0
730,67,1,2017,211980740.0
731,67,1,2018,203499680.0
732,67,1,2019,190825870.0
733,67,1,2020,215509550.0
734,67,1,2021,243552350.0
735,67,1,2022,211969710.0
736,67,1,2023,186860880.0
737,67,1,2024,179800380.0
738,68,1,2014,5451217.0
739,68,1,2015,6045473.0
740,68,1,2016,7186516.0
741,68,1,2017,7939465.0
742,68,1,2018,8503592.0
743,68,1,2019,8268412.5
744,68,1,2020,7443761.0
745,68,1,2021,8186967.0
746,68,1,2022,7533381.0
747,68,1,2023,7645687.0
748,68,1,2024,7936718.0
749,69,1,2014,49388020.0
750,69,1,2015,49204056.0
751,69,1,2016,52697668.0
752,69,1,2017,54726350.0
753,69,1,2018,56013570.0
754,69,1,2019,58668280.0
755,69,1,2020,47236736.0
756,69,1,2021,59961856.0
757,69,1,2022,64784804.0
758,69,1,2023,66064750.0
759,69,1,2024,70246650.0
760,70,1,2014,100073816.0
761,70,1,2015,111046296.0
762,70,1,2016,120215624.0
763,70,1,2017,133575610.0
764,70,1,2018,139856770.0
765,70,1,2019,142601220.0
766,70,1,2020,131457416.0
767,70,1,2021,140269500.0
768,70,1,2022,150963020.0
769,70,1,2023,160980460.0
770,70,1,2024,174878000.0
771,71,1,2014,309415360.0
772,71,1,2015,312548860.0
773,71,1,2016,323300480.0
774,71,1,2017,336505100.0
775,71,1,2018,335718620.0
776,71,1,2019,317444060.0
777,71,1,2020,302102430.0
778,71,1,2021,330693730.0
779,71,1,2022,314891970.0
780,71,1,2023,283243460.0
781,71,1,2024,272861820.0
782,72,1,2014,47942332.0
783,72,1,2015,52233050.0
784,72,1,2016,50310916.0
785,72,1,2017,55165156.0
786,72,1,2018,51340276.0
787,72,1,2019,47583050.0
788,72,1,2020,41738144.0
789,72,1,2021,40299850.0
790,72,1,2022,40722496.0
791,72,1,2023,37622040.0
792,72,1,2024,35538852.0
793,73,1,2014,79335350.0
794,73,1,2015,78045990.0
795,73,1,2016,76586910.0
796,73,1,2017,79432344.0
797,73,1,2018,79874424.0
798,73,1,2019,76690350.0
799,73,1,2020,73946380.0
800,73,1,2021,77501260.0
801,73,1,2022,73186024.0
802,73,1,2023,67866024.0
803,73,1,2024,68551400.0
804,74,1,2014,1637311200.0
805,74,1,2015,1635243500.0
806,74,1,2016,1629328400.0
807,74,1,2017,1661012200.0
808,74,1,2018,1709909600.0
809,74,1,2019,1704458600.0
810,74,1,2020,1631901600.0
811,74,1,2021,1674524300.0
812,74,1,2022,1675460900.0
813,74,1,2023,1733134600.0
814,74,1,2024,1780524400.0
815,75,1,2014,37331040.0
816,75,1,2015,43896996.0
817,75,1,2016,45192630.0
818,75,1,2017,45672508.0
819,75,1,2018,44478060.0
820,75,1,2019,44444510.0
821,75,1,2020,45356156.0
822,75,1,2021,43886132.0
823,75,1,2022,44462404.0
824,75,1,2023,42907320.0
825,75,1,2024,42019440.0
826,76,1,2014,1128512.0
827,76,1,2015,1084145.0
828,76,1,2016,1139504.0
829,76,1,2017,1095536.0
830,76,1,2018,1036911.94
831,76,1,2019,1117520.0
832,76,1,2020,1187136.0
833,76,1,2021,1483613.0
834,76,1,2022,1443616.0
835,76,1,2023,1380435.0
836,76,1,2024,1434283.0
837,77,1,2014,13568340.0
838,77,1,2015,13658673.0
839,77,1,2016,14468012.0
840,77,1,2017,14637193.0
841,77,1,2018,14563352.0
842,77,1,2019,14053007.0
843,77,1,2020,12872991.0
844,77,1,2021,13076158.0
845,77,1,2022,12727840.0
846,77,1,2023,12012164.0
847,77,1,2024,12751194.0
848,78,1,2014,629366460.0
849,78,1,2015,634177300.0
850,78,1,2016,637914050.0
851,78,1,2017,654537300.0
852,78,1,2018,670168700.0
853,78,1,2019,646102200.0
854,78,1,2020,597634300.0
855,78,1,2021,616075000.0
856,78,1,2022,606877250.0
857,78,1,2023,589178500.0
858,78,1,2024,583679170.0
859,79,1,2014,253657840.0
860,79,1,2015,270248030.0
861,79,1,2016,259554690.0
862,79,1,2017,273483870.0
863,79,1,2018,268520600.0
864,79,1,2019,250673650.0
865,79,1,2020,211764740.0
866,79,1,2021,228805710.0
867,79,1,2022,234223470.0
868,79,1,2023,215460750.0
869,79,1,2024,220341280.0
870,80,1,2014,17076016.0
871,80,1,2015,19178976.0
872,80,1,2016,22339186.0
873,80,1,2017,22167978.0
874,80,1,2018,20136762.0
875,80,1,2019,21105576.0
876,80,1,2020,20412408.0
877,80,1,2021,20823088.0
878,80,1,2022,18376960.0
879,80,1,2023,19166020.0
880,80,1,2024,20825544.0
881,81,1,2014,3200926.0
882,81,1,2015,2713620.0
883,81,1,2016,2913528.0
884,81,1,2017,2430184.0
885,81,1,2018,2093096.0
886,81,1,2019,2632313.0
887,81,1,2020,2921822.0
888,81,1,2021,2646994.0
889,81,1,2022,2827580.0
890,81,1,2023,2868587.0
891,81,1,2024,2987768.0
892,82,1,2014,43384748.0
893,82,1,2015,43310144.0
894,82,1,2016,43308376.0
895,82,1,2017,42355424.0
896,82,1,2018,41856004.0
897,82,1,2019,40772480.0
898,82,1,2020,36622220.0
899,82,1,2021,38567984.0
900,82,1,2022,36342156.0
901,82,1,2023,36708596.0
902,82,1,2024,38096652.0
903,83,1,2014,39244148.0
904,83,1,2015,38756060.0
905,83,1,2016,39224776.0
906,83,1,2017,38234000.0
907,83,1,2018,36945068.0
908,83,1,2019,36822244.0
909,83,1,2020,34343256.0
910,83,1,2021,35902450.0
911,83,1,2022,32950562.0
912,83,1,2023,31977486.0
913,83,1,2024,32071708.0
914,84,1,2014,10997434.0
915,84,1,2015,12782672.0
916,84,1,2016,13529452.0
917,84,1,2017,13513487.0
918,84,1,2018,14233063.0
919,84,1,2019,16190849.0
920,84,1,2020,15952437.0
921,84,1,2021,17677692.0
922,84,1,2022,19702384.0
923,84,1,2023,20309608.0
924,84,1,2024,20018364.0
925,85,1,2014,29874574.0
926,85,1,2015,31380538.0
927,85,1,2016,30971484.0
928,85,1,2017,31676916.0
929,85,1,2018,31121710.0
930,85,1,2019,30578564.0
931,85,1,2020,28844812.0
932,85,1,2021,31526714.0
933,85,1,2022,30784934.0
934,85,1,2023,31737824.0
935,85,1,2024,32663696.0
936,86,1,2014,4089666.0
937,86,1,2015,4528549.0
938,86,1,2016,4817419.0
939,86,1,2017,5406202.0
940,86,1,2018,5548649.0
941,86,1,2019,5761237.0
942,86,1,2020,5571384.0
943,86,1,2021,6232327.0
944,86,1,2022,6128251.0
945,86,1,2023,6235861.0
946,86,1,2024,6333810.0
947,87,1,2014,257703060.0
948,87,1,2015,223849810.0
949,87,1,2016,234105650.0
950,87,1,2017,223287760.0
951,87,1,2018,231899980.0
952,87,1,2019,222187900.0
953,87,1,2020,207100640.0
954,87,1,2021,210636080.0
955,87,1,2022,143039870.0
956,87,1,2023,139325380.0
957,87,1,2024,142497860.0
958,88,1,2014,438807070.0
959,88,1,2015,422460800.0
960,88,1,2016,399430140.0
961,88,1,2017,387367140.0
962,88,1,2018,379729760.0
963,88,1,2019,364753280.0
964,88,1,2020,326263200.0
965,88,1,2021,342365570.0
966,88,1,2022,311118000.0
967,88,1,2023,307826140.0
968,88,1,2024,312905540.0
969,89,1,2014,5531385300.0
970,89,1,2015,5368496600.0
971,89,1,2016,5245361700.0
972,89,1,2017,5195417600.0
973,89,1,2018,5361236500.0
974,89,1,2019,5235912000.0
975,89,1,2020,4689954000.0
976,89,1,2021,5020111000.0
977,89,1,2022,5055403000.0
978,89,1,2023,4918406700.0
979,89,1,2024,4904120000.0
980,90,1,2014,15393135000.0
981,90,1,2015,15250372000.0
982,90,1,2016,15138848000.0
983,90,1,2017,15493024000.0
984,90,1,2018,15891828000.0
985,90,1,2019,16385608000.0
986,90,1,2020,16241721000.0
987,90,1,2021,16916741000.0
988,90,1,2022,17458070000.0
989,90,1,2023,18031050000.0
990,90,1,2024,18237493000.0
991,91,1,2014,180047520.0
992,91,1,2015,213391310.0
993,91,1,2016,221027000.0
994,91,1,2017,227694370.0
995,91,1,2018,255468420.0
996,91,1,2019,339312350.0
997,91,1,2020,362598880.0
998,91,1,2021,314196600.0
999,91,1,2022,322653150.0
1000,91,1,2023,347398800.0
1001,91,1,2024,370931330.0
1002,92,1,2014,35465695000.0
1003,92,1,2015,35403526000.0
1004,92,1,2016,35392830000.0
1005,92,1,2017,35974610000.0
1006,92,1,2018,36734005000.0
1007,92,1,2019,37086570000.0
1008,92,1,2020,35158230000.0
1009,92,1,2021,36866863000.0
1010,92,1,2022,37527773000.0
1011,92,1,2023,38094040000.0
1012,92,1,2024,38598580000.0
1013,93,1,2014,11946148.0
1014,93,1,2015,12016794.0
1015,93,1,2016,10588242.0
1016,93,1,2017,9830570.0
1017,93,1,2018,11209238.0
1018,93,1,2019,10266795.0
1019,93,1,2020,8490839.0
1020,93,1,2021,10222778.0
1021,93,1,2022,12231845.0
1022,93,1,2023,13443295.0
1023,93,1,2024,13701154.0
1024,1,2,2014,2035116.5
1025,1,2,2015,2034800.2
1026,1,2,2016,2034506.0
1027,1,2,2017,2033888.2
1028,1,2,2018,2032706.0
1029,1,2,2019,2030854.0
1030,1,2,2020,2026132.4
1031,1,2,2021,2018445.4
1032,1,2,2022,2010546.1
1033,1,2,2023,2028554.977777778
1034,1,2,2024,2028554.977777778
1035,2,2,2014,29697354.0
1036,2,2,2015,30437140.0
1037,2,2,2016,30817174.0
1038,2,2,2017,31152930.0
1039,2,2,2018,31460406.0
1040,2,2,2019,31582276.0
1041,2,2,2020,31393022.0
1042,2,2,2021,31166244.0
1043,2,2,2022,31700748.0
1044,2,2,2023,31045254.888888888
1045,2,2,2024,31045254.888888888
1046,3,2,2014,8453003.0
1047,3,2,2015,8548169.0
1048,3,2,2016,8641068.0
1049,3,2,2017,8701270.0
1050,3,2,2018,8743662.0
1051,3,2,2019,8782494.0
1052,3,2,2020,8809849.0
1053,3,2,2021,8823809.0
1054,3,2,2022,8840953.0
1055,3,2,2023,8704919.666666666
1056,3,2,2024,8704919.666666666
1057,4,2,2014,6557230.5
1058,4,2,2015,6696296.0
1059,4,2,2016,6830306.5
1060,4,2,2017,6953106.5
1061,4,2,2018,7066487.0
1062,4,2,2019,7179715.0
1063,4,2,2020,7268715.5
1064,4,2,2021,7337317.0
1065,4,2,2022,7417593.5
1066,4,2,2023,7034085.277777778
1067,4,2,2024,7034085.277777778
1068,5,2,2014,87409256.0
1069,5,2,2015,89079570.0
1070,5,2,2016,90838800.0
1071,5,2,2017,92671704.0
1072,5,2,2018,94479600.0
1073,5,2,2019,96297690.0
1074,5,2,2020,98202440.0
1075,5,2,2021,100140090.0
1076,5,2,2022,101187060.0
1077,5,2,2023,94478467.77777778
1078,5,2,2024,94478467.77777778
1079,6,2,2014,8957425.0
1080,6,2,2015,8972744.0
1081,6,2,2016,8988546.0
1082,6,2,2017,8997096.0
1083,6,2,2018,8994249.0
1084,6,2,2019,8982540.0
1085,6,2,2020,8953320.0
1086,6,2,2021,8909554.0
1087,6,2,2022,8877019.0
1088,6,2,2023,8959165.888888888
1089,6,2,2024,8959165.888888888
1090,7,2,2014,11140166.0
1091,7,2,2015,11212447.0
1092,7,2,2016,11281704.0
1093,7,2,2017,11350093.0
1094,7,2,2018,11414957.0
1095,7,2,2019,11477706.0
1096,7,2,2020,11529669.0
1097,7,2,2021,11580200.0
1098,7,2,2022,11625560.0
1099,7,2,2023,11401389.111111112
1100,7,2,2024,11401389.111111112
1101,8,2,2014,314874.3
1102,8,2,2015,352750.9
1103,8,2,2016,390543.72
1104,8,2,2017,427894.56
1105,8,2,2018,463558.4
1106,8,2,2019,498912.1
1107,8,2,2020,534088.7
1108,8,2,2021,564964.6
1109,8,2,2022,573868.1
1110,8,2,2023,457939.4866666666
1111,8,2,2024,457939.4866666666
1112,9,2,2014,3171722.2
1113,9,2,2015,3130485.2
1114,9,2,2016,3092276.8
1115,9,2,2017,3056185.2
1116,9,2,2018,3021038.2
1117,9,2,2019,2981722.8
1118,9,2,2020,2924807.0
1119,9,2,2021,2863867.2
1120,9,2,2022,2812219.5
1121,9,2,2023,3006036.0111111114
1122,9,2,2024,3006036.0111111114
1123,10,2,2014,165198660.0
1124,10,2,2015,168259400.0
1125,10,2,2016,171162370.0
1126,10,2,2017,174320900.0
1127,10,2,2018,177380690.0
1128,10,2,2019,180419790.0
1129,10,2,2020,183181700.0
1130,10,2,2021,185700880.0
1131,10,2,2022,187879790.0
1132,10,2,2023,177056020.0
1133,10,2,2024,177056020.0
1134,11,2,2014,7145329.0
1135,11,2,2015,7072586.0
1136,11,2,2016,6999725.0
1137,11,2,2017,6926864.0
1138,11,2,2018,6852863.0
1139,11,2,2019,6779216.0
1140,11,2,2020,6697710.0
1141,11,2,2021,6597374.0
1142,11,2,2022,6487232.0
1143,11,2,2023,6839877.666666667
1144,11,2,2024,6839877.666666667
1145,12,2,2014,3699411.5
1146,12,2,2015,3840444.0
1147,12,2,2016,3984431.2
1148,12,2,2017,4130999.5
1149,12,2,2018,4277678.0
1150,12,2,2019,4424100.5
1151,12,2,2020,4575341.0
1152,12,2,2021,4722614.0
1153,12,2,2022,4884686.5
1154,12,2,2023,4282189.577777778
1155,12,2,2024,4282189.577777778
1156,13,2,2014,34966548.0
1157,13,2,2015,35309796.0
1158,13,2,2016,35706644.0
1159,13,2,2017,36162668.0
1160,13,2,2018,36658836.0
1161,13,2,2019,37161852.0
1162,13,2,2020,37524572.0
1163,13,2,2021,37788464.0
1164,13,2,2022,38085060.0
1165,13,2,2023,36596048.88888889
1166,13,2,2024,36596048.88888889
1167,14,2,2014,326542.4
1168,14,2,2015,322776.3
1169,14,2,2016,323285.1
1170,14,2,2017,324185.44
1171,14,2,2018,325312.25
1172,14,2,2019,327338.88
1173,14,2,2020,330375.9
1174,14,2,2021,332007.7
1175,14,2,2022,341803.2
1176,14,2,2023,328180.79666666663
1177,14,2,2024,328180.79666666663
1178,15,2,2014,811566.75
1179,15,2,2015,842574.25
1180,15,2,2016,874707.06
1181,15,2,2017,909934.25
1182,15,2,2018,947399.6
1183,15,2,2019,985894.8
1184,15,2,2020,1024961.25
1185,15,2,2021,1065992.4
1186,15,2,2022,1107184.0
1187,15,2,2023,952246.04
1188,15,2,2024,952246.04
1189,16,2,2014,17348888.0
1190,16,2,2015,17581070.0
1191,16,2,2016,17826660.0
1192,16,2,2017,18142688.0
1193,16,2,2018,18471678.0
1194,16,2,2019,18805560.0
1195,16,2,2020,19063184.0
1196,16,2,2021,19253684.0
1197,16,2,2022,19362874.0
1198,16,2,2023,18428476.222222224
1199,16,2,2024,18428476.222222224
1200,17,2,2014,33742600.0
1201,17,2,2015,34165020.0
1202,17,2,2016,34634356.0
1203,17,2,2017,35263844.0
1204,17,2,2018,36034484.0
1205,17,2,2019,36773276.0
1206,17,2,2020,37389844.0
1207,17,2,2021,37977956.0
1208,17,2,2022,38312104.0
1209,17,2,2023,36032609.333333336
1210,17,2,2024,36032609.333333336
1211,18,2,2014,2155886.2
1212,18,2,2015,2237653.2
1213,18,2,2016,2322122.2
1214,18,2,2017,2409401.8
1215,18,2,2018,2477622.5
1216,18,2,2019,2546742.2
1217,18,2,2020,2617120.8
1218,18,2,2021,2688937.5
1219,18,2,2022,2431935.8
1220,18,2,2023,2431935.8
1221,18,2,2024,2431935.8
1222,19,2,2014,3874753.5
1223,19,2,2015,3923400.5
1224,19,2,2016,3970944.5
1225,19,2,2017,4017135.0
1226,19,2,2018,4059080.8
1227,19,2,2019,4094100.0
1228,19,2,2020,4124921.5
1229,19,2,2021,4149537.8
1230,19,2,2022,4170960.0
1231,19,2,2023,4042759.288888889
1232,19,2,2024,4042759.288888889
1233,20,2,2014,7646201.0
1234,20,2,2015,8261395.0
1235,20,2,2016,8907096.0
1236,20,2,2017,9585238.0
1237,20,2,2018,10294730.0
1238,20,2,2019,11021597.0
1239,20,2,2020,11701104.0
1240,20,2,2021,12026256.0
1241,20,2,2022,12360269.0
1242,20,2,2023,10200431.777777778
1243,20,2,2024,10200431.777777778
1244,21,2,2014,1161732.5
1245,21,2,2015,1174965.8
1246,21,2,2016,1188565.1
1247,21,2,2017,1202259.8
1248,21,2,2018,1215675.6
1249,21,2,2019,1225950.6
1250,21,2,2020,1234631.0
1251,21,2,2021,1241265.8
1252,21,2,2022,1248547.9
1253,21,2,2023,1210399.3444444444
1254,21,2,2024,1210399.3444444444
1255,22,2,2014,10294264.0
1256,22,2,2015,10300769.0
1257,22,2,2016,10304512.0
1258,22,2,2017,10308180.0
1259,22,2,2018,10311435.0
1260,22,2,2019,10313705.0
1261,22,2,2020,10307957.0
1262,22,2,2021,10288231.0
1263,22,2,2022,10271872.0
1264,22,2,2023,10300102.777777778
1265,22,2,2024,10300102.777777778
1266,23,2,2014,5559536.0
1267,23,2,2015,5608777.0
1268,23,2,2016,5660135.5
1269,23,2,2017,5713085.0
1270,23,2,2018,5762005.0
1271,23,2,2019,5791173.5
1272,23,2,2020,5820912.0
1273,23,2,2021,5849488.5
1274,23,2,2022,5877486.5
1275,23,2,2023,5738066.555555556
1276,23,2,2024,5738066.555555556
1277,24,2,2014,4540070.5
1278,24,2,2015,4606854.5
1279,24,2,2016,4672610.0
1280,24,2,2017,4737212.0
1281,24,2,2018,4800776.5
1282,24,2,2019,4863043.5
1283,24,2,2020,4925516.0
1284,24,2,2021,4987773.5
1285,24,2,2022,5046364.5
1286,24,2,2023,4797802.333333333
1287,24,2,2024,4797802.333333333
1288,25,2,2014,10359172.0
1289,25,2,2015,10587856.0
1290,25,2,2016,10822436.0
1291,25,2,2017,11050234.0
1292,25,2,2018,11297504.0
1293,25,2,2019,11552640.0
1294,25,2,2020,11753872.0
1295,25,2,2021,11932475.0
1296,25,2,2022,12076783.0
1297,25,2,2023,11270330.222222222
1298,25,2,2024,11270330.222222222
1299,26,2,2014,1270823.5
1300,26,2,2015,1273194.0
1301,26,2,2016,1274842.1
1302,26,2,2017,1276837.4
1303,26,2,2018,1281726.5
1304,26,2,2019,1286909.5
1305,26,2,2020,1289539.2
1306,26,2,2021,1288955.2
1307,26,2,2022,1286537.2
1308,26,2,2023,1281040.5111111111
1309,26,2,2024,1281040.5111111111
1310,27,2,2014,9366705.0
1311,27,2,2015,10084787.0
1312,27,2,2016,10854676.0
1313,27,2,2017,11676667.0
1314,27,2,2018,12547709.0
1315,27,2,2019,13473137.0
1316,27,2,2020,14456910.0
1317,27,2,2021,15494273.0
1318,27,2,2022,16332908.0
1319,27,2,2023,12698641.333333334
1320,27,2,2024,12698641.333333334
1321,28,2,2014,373856.28
1322,28,2,2015,375721.75
1323,28,2,2016,377397.75
1324,28,2,2017,378857.84
1325,28,2,2018,380041.12
1326,28,2,2019,381005.62
1327,28,2,2020,382993.56
1328,28,2,2021,385909.62
1329,28,2,2022,389233.34
1330,28,2,2023,380557.4311111111
1331,28,2,2024,380557.4311111111
1332,29,2,2014,5426994.5
1333,29,2,2015,5459221.0
1334,29,2,2016,5474990.0
1335,29,2,2017,5487932.5
1336,29,2,2018,5495304.5
1337,29,2,2019,5501447.5
1338,29,2,2020,5509447.0
1339,29,2,2021,5516057.0
1340,29,2,2022,5520910.5
1341,29,2,2023,5488033.833333333
1342,29,2,2024,5488033.833333333
1343,30,2,2014,62773572.0
1344,30,2,2015,63074810.0
1345,30,2,2016,63335852.0
1346,30,2,2017,63573360.0
1347,30,2,2018,63790940.0
1348,30,2,2019,63997736.0
1349,30,2,2020,64163960.0
1350,30,2,2021,64302172.0
1351,30,2,2022,64435428.0
1352,30,2,2023,63716425.55555555
1353,30,2,2024,63716425.55555555
1354,31,2,2014,2533472.0
1355,31,2,2015,2540549.5
1356,31,2,2016,2549821.5
1357,31,2,2017,2559717.0
1358,31,2,2018,2569474.5
1359,31,2,2019,2577997.8
1360,31,2,2020,2584296.5
1361,31,2,2021,2588551.8
1362,31,2,2022,2588937.2
1363,31,2,2023,2565868.6444444447
1364,31,2,2024,2565868.6444444447
1365,32,2,2014,81771860.0
1366,32,2,2015,81988504.0
1367,32,2,2016,82248960.0
1368,32,2,2017,82544184.0
1369,32,2,2018,82818860.0
1370,32,2,2019,83072770.0
1371,32,2,2020,83256200.0
1372,32,2,2021,83338530.0
1373,32,2,2022,83300150.0
1374,32,2,2023,82704446.44444445
1375,32,2,2024,82704446.44444445
1376,33,2,2014,8885941.0
1377,33,2,2015,9599472.0
1378,33,2,2016,10347791.0
1379,33,2,2017,11122822.0
1380,33,2,2018,11922571.0
1381,33,2,2019,12755510.0
1382,33,2,2020,13623719.0
1383,33,2,2021,14314563.0
1384,33,2,2022,14886077.0
1385,33,2,2023,11939829.555555556
1386,33,2,2024,11939829.555555556
1387,34,2,2014,10779701.0
1388,34,2,2015,10718506.0
1389,34,2,2016,10656610.0
1390,34,2,2017,10594162.0
1391,34,2,2018,10530346.0
1392,34,2,2019,10466300.0
1393,34,2,2020,10399798.0
1394,34,2,2021,10328340.0
1395,34,2,2022,10268622.0
1396,34,2,2023,10526931.666666666
1397,34,2,2024,10526931.666666666
1398,35,2,2014,8436841.0
1399,35,2,2015,8673562.0
1400,35,2,2016,8915438.0
1401,35,2,2017,9115876.0
1402,35,2,2018,9308999.0
1403,35,2,2019,9495149.0
1404,35,2,2020,9682883.0
1405,35,2,2021,9866120.0
1406,35,2,2022,10044925.0
1407,35,2,2023,9282199.222222222
1408,35,2,2024,9282199.222222222
1409,36,2,2014,381432.47
1410,36,2,2015,396443.03
1411,36,2,2016,411659.2
1412,36,2,2017,426985.28
1413,36,2,2018,442462.75
1414,36,2,2019,458195.84
1415,36,2,2020,474058.28
1416,36,2,2021,489955.34
1417,36,2,2022,502632.28
1418,36,2,2023,442647.1633333334
1419,36,2,2024,442647.1633333334
1420,37,2,2014,1126484700.0
1421,37,2,2015,1133684700.0
1422,37,2,2016,1140842600.0
1423,37,2,2017,1147815000.0
1424,37,2,2018,1154514700.0
1425,37,2,2019,1160875900.0
1426,37,2,2020,1164819000.0
1427,37,2,2021,1149280600.0
1428,37,2,2022,1155132700.0
1429,37,2,2023,1148161100.0
1430,37,2,2024,1148161100.0
1431,38,2,2014,5544528.0
1432,38,2,2015,5775414.5
1433,38,2,2016,5922160.0
1434,38,2,2017,6069896.0
1435,38,2,2018,6218704.0
1436,38,2,2019,6368570.5
1437,38,2,2020,6517534.5
1438,38,2,2021,6663360.0
1439,38,2,2022,6802934.0
1440,38,2,2023,6209233.5
1441,38,2,2024,6209233.5
1442,39,2,2014,8892363.0
1443,39,2,2015,9019605.0
1444,39,2,2016,9140479.0
1445,39,2,2017,9262731.0
1446,39,2,2018,9399322.0
1447,39,2,2019,9540160.0
1448,39,2,2020,9663743.0
1449,39,2,2021,9709786.0
1450,39,2,2022,9967308.0
1451,39,2,2023,9399499.666666666
1452,39,2,2024,9399499.666666666
1453,40,2,2014,71736620.0
1454,40,2,2015,73295090.0
1455,40,2,2016,74834776.0
1456,40,2,2017,76351810.0
1457,40,2,2018,77854150.0
1458,40,2,2019,79348790.0
1459,40,2,2020,80779640.0
1460,40,2,2021,82102020.0
1461,40,2,2022,83383700.0
1462,40,2,2023,77742955.1111111
1463,40,2,2024,77742955.1111111
1464,41,2,2014,4400285.5
1465,41,2,2015,4445915.5
1466,41,2,2016,4497736.5
1467,41,2,2017,4555377.5
1468,41,2,2018,4619375.0
1469,41,2,2019,4685584.5
1470,41,2,2020,4741030.0
1471,41,2,2021,4786857.0
1472,41,2,2022,4821752.5
1473,41,2,2023,4617101.555555556
1474,41,2,2024,4617101.555555556
1475,42,2,2014,7831303.0
1476,42,2,2015,7973490.0
1477,42,2,2016,8122902.5
1478,42,2,2017,8271292.0
1479,42,2,2018,8416630.0
1480,42,2,2019,8566114.0
1481,42,2,2020,8713698.0
1482,42,2,2021,8854274.0
1483,42,2,2022,8990510.0
1484,42,2,2023,8415579.277777778
1485,42,2,2024,8415579.277777778
1486,43,2,2014,57009950.0
1487,43,2,2015,56770332.0
1488,43,2,2016,56508230.0
1489,43,2,2017,56246430.0
1490,43,2,2018,55973990.0
1491,43,2,2019,55680864.0
1492,43,2,2020,55316110.0
1493,43,2,2021,54922036.0
1494,43,2,2022,54733970.0
1495,43,2,2023,55906879.11111111
1496,43,2,2024,55906879.11111111
1497,44,2,2014,125344170.0
1498,44,2,2015,125182370.0
1499,44,2,2016,124989580.0
1500,44,2,2017,124723400.0
1501,44,2,2018,124382790.0
1502,44,2,2019,123985080.0
1503,44,2,2020,123505330.0
1504,44,2,2021,122940910.0
1505,44,2,2022,122288936.0
1506,44,2,2023,124149174.0
1507,44,2,2024,124149174.0
1508,45,2,2014,14863506.0
1509,45,2,2015,15353409.0
1510,45,2,2016,15852255.0
1511,45,2,2017,16355207.0
1512,45,2,2018,16556342.0
1513,45,2,2019,16751541.0
1514,45,2,2020,16955038.0
1515,45,2,2021,17152036.0
1516,45,2,2022,16229916.75
1517,45,2,2023,16229916.75
1518,45,2,2024,16229916.75
1519,46,2,2014,3786976.8
1520,46,2,2015,3959191.8
1521,46,2,2016,4138094.2
1522,46,2,2017,4316819.5
1523,46,2,2018,4500122.5
1524,46,2,2019,4686870.5
1525,46,2,2020,4904655.0
1526,46,2,2021,4987834.0
1527,46,2,2022,5071575.0
1528,46,2,2023,4483571.033333333
1529,46,2,2024,4483571.033333333
1530,47,2,2014,1033768.5
1531,47,2,2015,1077625.5
1532,47,2,2016,1123622.2
1533,47,2,2017,1170932.2
1534,47,2,2018,1219231.1
1535,47,2,2019,1268434.0
1536,47,2,2020,1294209.1
1537,47,2,2021,1319930.1
1538,47,2,2022,1345673.5
1539,47,2,2023,1205936.2444444443
1540,47,2,2024,1205936.2444444443
1541,48,2,2014,1907230.5
1542,48,2,2015,1894727.1
1543,48,2,2016,1882721.8
1544,48,2,2017,1870506.5
1545,48,2,2018,1857610.2
1546,48,2,2019,1844768.8
1547,48,2,2020,1831413.2
1548,48,2,2021,1814434.6
1549,48,2,2022,1797190.8
1550,48,2,2023,1855622.611111111
1551,48,2,2024,1855622.611111111
1552,49,2,2014,2927329.0
1553,49,2,2015,2999979.8
1554,49,2,2016,2948394.0
1555,49,2,2017,2891889.2
1556,49,2,2018,2830404.5
1557,49,2,2019,2757969.8
1558,49,2,2020,2701214.2
1559,49,2,2021,2667685.0
1560,49,2,2022,2618605.5
1561,49,2,2023,2815941.222222222
1562,49,2,2024,2815941.222222222
1563,50,2,2014,2705556.2
1564,50,2,2015,2736610.0
1565,50,2,2016,2757444.0
1566,50,2,2017,2743029.5
1567,50,2,2018,2728676.2
1568,50,2,2019,2703708.0
1569,50,2,2020,2677104.2
1570,50,2,2021,2645973.8
1571,50,2,2022,2612043.2
1572,50,2,2023,2701127.233333333
1573,50,2,2024,2701127.233333333
1574,51,2,2014,134608000.0
1575,51,2,2015,140776500.0
1576,51,2,2016,147860060.0
1577,51,2,2017,155455950.0
1578,51,2,2018,163982450.0
1579,51,2,2019,173287200.0
1580,51,2,2020,182881280.0
1581,51,2,2021,192493680.0
1582,51,2,2022,201286940.0
1583,51,2,2023,165848006.66666666
1584,51,2,2024,165848006.66666666
1585,52,2,2014,1622434000.0
1586,52,2,2015,1675889900.0
1587,52,2,2016,1729321700.0
1588,52,2,2017,1782961200.0
1589,52,2,2018,1836493200.0
1590,52,2,2019,1889451300.0
1591,52,2,2020,1941928400.0
1592,52,2,2021,1993572100.0
1593,52,2,2022,2035308400.0
1594,52,2,2023,1834151133.3333333
1595,52,2,2024,1834151133.3333333
1596,53,2,2014,4059326.0
1597,53,2,2015,4320638.5
1598,53,2,2016,4597156.0
1599,53,2,2017,4889634.5
1600,53,2,2018,5197442.5
1601,53,2,2019,5521099.5
1602,53,2,2020,5860544.0
1603,53,2,2021,6214589.0
1604,53,2,2022,6585415.5
1605,53,2,2023,5249538.388888889
1606,53,2,2024,5249538.388888889
1607,54,2,2014,2150916.2
1608,54,2,2015,2301609.8
1609,54,2,2016,2460513.2
1610,54,2,2017,2628614.5
1611,54,2,2018,2806651.8
1612,54,2,2019,2995233.2
1613,54,2,2020,3194580.8
1614,54,2,2021,3403808.8
1615,54,2,2022,3623388.5
1616,54,2,2023,2840590.755555555
1617,54,2,2024,2840590.755555555
1618,55,2,2014,28623976.0
1619,55,2,2015,29072298.0
1620,55,2,2016,29516696.0
1621,55,2,2017,29953440.0
1622,55,2,2018,30365960.0
1623,55,2,2019,30760940.0
1624,55,2,2020,31147642.0
1625,55,2,2021,31513570.0
1626,55,2,2022,31882216.0
1627,55,2,2023,30315193.111111112
1628,55,2,2024,30315193.111111112
1629,56,2,2014,49880990.0
1630,56,2,2015,50657796.0
1631,56,2,2016,51426640.0
1632,56,2,2017,52176836.0
1633,56,2,2018,52867136.0
1634,56,2,2019,53514930.0
1635,56,2,2020,54043320.0
1636,56,2,2021,54440184.0
1637,56,2,2022,54875070.0
1638,56,2,2023,52653655.777777776
1639,56,2,2024,52653655.777777776
1640,57,2,2014,2418578.5
1641,57,2,2015,2385077.8
1642,57,2,2016,2357756.5
1643,57,2,2017,2335905.0
1644,57,2,2018,2318336.8
1645,57,2,2019,2305368.0
1646,57,2,2020,2298085.8
1647,57,2,2021,2291769.2
1648,57,2,2022,2462089.8
1649,57,2,2023,2352551.9333333336
1650,57,2,2024,2352551.9333333336
1651,58,2,2014,932131.06
1652,58,2,2015,977230.25
1653,58,2,2016,1024657.8
1654,58,2,2017,1074074.4
1655,58,2,2018,1125678.1
1656,58,2,2019,1179176.6
1657,58,2,2020,1231995.0
1658,58,2,2021,1283222.1
1659,58,2,2022,1334883.4
1660,58,2,2023,1129227.6344444444
1661,58,2,2024,1129227.6344444444
1662,59,2,2014,536758.4
1663,59,2,2015,537045.94
1664,59,2,2016,537012.9
1665,59,2,2017,536870.94
1666,59,2,2018,536443.6
1667,59,2,2019,535919.94
1668,59,2,2020,535144.94
1669,59,2,2021,534280.1
1670,59,2,2022,533765.4
1671,59,2,2023,535915.7955555556
1672,59,2,2024,535915.7955555556
1673,60,2,2014,22486516.0
1674,60,2,2015,23680826.0
1675,60,2,2016,24540362.0
1676,60,2,2017,25411598.0
1677,60,2,2018,26282456.0
1678,60,2,2019,26714262.0
1679,60,2,2020,27117472.0
1680,60,2,2021,27656430.0
1681,60,2,2022,28027626.0
1682,60,2,2023,25768616.444444444
1683,60,2,2024,25768616.444444444
1684,61,2,2014,7408283.5
1685,61,2,2015,7039036.0
1686,61,2,2016,6682939.0
1687,61,2,2017,6328201.5
1688,61,2,2018,5956724.0
1689,61,2,2019,5568576.0
1690,61,2,2020,5196795.5
1691,61,2,2021,4828695.0
1692,61,2,2022,4923242.5
1693,61,2,2023,5992499.222222222
1694,61,2,2024,5992499.222222222
1695,62,2,2014,16950238.0
1696,62,2,2015,17037044.0
1697,62,2,2016,17120220.0
1698,62,2,2017,17202688.0
1699,62,2,2018,17281310.0
1700,62,2,2019,17358302.0
1701,62,2,2020,17429372.0
1702,62,2,2021,17496284.0
1703,62,2,2022,17558372.0
1704,62,2,2023,17270425.555555556
1705,62,2,2024,17270425.555555556
1706,63,2,2014,4208132.5
1707,63,2,2015,4324368.5
1708,63,2,2016,4443146.5
1709,63,2,2017,4564097.5
1710,63,2,2018,4700282.5
1711,63,2,2019,4865981.5
1712,63,2,2020,5015799.5
1713,63,2,2021,5129727.0
1714,63,2,2022,5185288.0
1715,63,2,2023,4715202.611111111
1716,63,2,2024,4715202.611111111
1717,64,2,2014,43732264.0
1718,64,2,2015,45936170.0
1719,64,2,2016,48202920.0
1720,64,2,2017,50560508.0
1721,64,2,2018,52984996.0
1722,64,2,2019,55466212.0
1723,64,2,2020,58026456.0
1724,64,2,2021,60650856.0
1725,64,2,2022,63343916.0
1726,64,2,2023,53211588.66666666
1727,64,2,2024,53211588.66666666
1728,65,2,2014,1691889.6
1729,65,2,2015,1694342.8
1730,65,2,2016,1696509.9
1731,65,2,2017,1698376.9
1732,65,2,2018,1697636.1
1733,65,2,2019,1698755.9
1734,65,2,2020,1696890.2
1735,65,2,2021,1691354.8
1736,65,2,2022,1684238.4
1737,65,2,2023,1694443.8444444444
1738,65,2,2024,1694443.8444444444
1739,66,2,2014,5099768.0
1740,66,2,2015,5148994.5
1741,66,2,2016,5192017.0
1742,66,2,2017,5229607.0
1743,66,2,2018,5261334.5
1744,66,2,2019,5294045.5
1745,66,2,2020,5322365.0
1746,66,2,2021,5342366.5
1747,66,2,2022,5370363.0
1748,66,2,2023,5251206.777777778
1749,66,2,2024,5251206.777777778
1750,67,2,2014,88427680.0
1751,67,2,2015,91705480.0
1752,67,2,2016,94971010.0
1753,67,2,2017,98428990.0
1754,67,2,2018,102185000.0
1755,67,2,2019,106117640.0
1756,67,2,2020,110296820.0
1757,67,2,2021,114712900.0
1758,67,2,2022,119331576.0
1759,67,2,2023,102908566.22222222
1760,67,2,2024,102908566.22222222
1761,68,2,2014,3719059.8
1762,68,2,2015,3816935.0
1763,68,2,2016,3916608.8
1764,68,2,2017,4017238.2
1765,68,2,2018,4118363.2
1766,68,2,2019,4180452.8
1767,68,2,2020,4241539.0
1768,68,2,2021,4300584.5
1769,68,2,2022,4354634.5
1770,68,2,2023,4073935.0888888887
1771,68,2,2024,4073935.0888888887
1772,69,2,2014,15081751.0
1773,69,2,2015,15347962.0
1774,69,2,2016,15647371.0
1775,69,2,2017,15974946.0
1776,69,2,2018,16369568.0
1777,69,2,2019,16779394.0
1778,69,2,2020,17120714.0
1779,69,2,2021,17429318.0
1780,69,2,2022,17700750.0
1781,69,2,2023,16383530.444444444
1782,69,2,2024,16383530.444444444
1783,70,2,2014,46710660.0
1784,70,2,2015,47718600.0
1785,70,2,2016,48797480.0
1786,70,2,2017,49897520.0
1787,70,2,2018,50995064.0
1788,70,2,2019,52096620.0
1789,70,2,2020,53210080.0
1790,70,2,2021,54278850.0
1791,70,2,2022,55354964.0
1792,70,2,2023,51006648.66666666
1793,70,2,2024,51006648.66666666
1794,71,2,2014,35509560.0
1795,71,2,2015,35357650.0
1796,71,2,2016,35210036.0
1797,71,2,2017,35079550.0
1798,71,2,2018,34935336.0
1799,71,2,2019,34773572.0
1800,71,2,2020,34439188.0
1801,71,2,2021,34057936.0
1802,71,2,2022,35438780.0
1803,71,2,2023,34977956.44444445
1804,71,2,2024,34977956.44444445
1805,72,2,2014,9839961.0
1806,72,2,2015,9808121.0
1807,72,2,2016,9785704.0
1808,72,2,2017,9770091.0
1809,72,2,2018,9761363.0
1810,72,2,2019,9769284.0
1811,72,2,2020,9784770.0
1812,72,2,2021,9784507.0
1813,72,2,2022,9773419.0
1814,72,2,2023,9786357.777777778
1815,72,2,2024,9786357.777777778
1816,73,2,2014,16377712.0
1817,73,2,2015,16303464.0
1818,73,2,2016,16215527.0
1819,73,2,2017,16136475.0
1820,73,2,2018,16064495.0
1821,73,2,2019,16001594.0
1822,73,2,2020,15940299.0
1823,73,2,2021,15854645.0
1824,73,2,2022,16134819.0
1825,73,2,2023,16114336.666666666
1826,73,2,2024,16114336.666666666
1827,74,2,2014,108990440.0
1828,74,2,2015,109388770.0
1829,74,2,2016,109836370.0
1830,74,2,2017,110216040.0
1831,74,2,2018,110492000.0
1832,74,2,2019,110689550.0
1833,74,2,2020,110728350.0
1834,74,2,2021,110474710.0
1835,74,2,2022,110319460.0
1836,74,2,2023,110126187.77777778
1837,74,2,2024,110126187.77777778
1838,75,2,2014,5646177.5
1839,75,2,2015,5629557.5
1840,75,2,2016,5611630.0
1841,75,2,2017,5592243.0
1842,75,2,2018,5571052.5
1843,75,2,2019,5548767.5
1844,75,2,2020,5518941.0
1845,75,2,2021,5475647.0
1846,75,2,2022,5421458.0
1847,75,2,2023,5557274.888888889
1848,75,2,2024,5557274.888888889
1849,76,2,2014,581975.5
1850,76,2,2015,614558.1
1851,76,2,2016,648727.06
1852,76,2,2017,684509.5
1853,76,2,2018,721545.7
1854,76,2,2019,760002.7
1855,76,2,2020,799873.6
1856,76,2,2021,840964.75
1857,76,2,2022,883154.75
1858,76,2,2023,726145.74
1859,76,2,2024,726145.74
1860,77,2,2014,1960909.6
1861,77,2,2015,1980678.9
1862,77,2,2016,2003608.8
1863,77,2,2017,2025904.8
1864,77,2,2018,2047497.9
1865,77,2,2019,2068649.5
1866,77,2,2020,2081097.4
1867,77,2,2021,2082835.6
1868,77,2,2022,2083262.2
1869,77,2,2023,2037160.522222222
1870,77,2,2024,2037160.522222222
1871,78,2,2014,49765972.0
1872,78,2,2015,50272200.0
1873,78,2,2016,50639210.0
1874,78,2,2017,50894370.0
1875,78,2,2018,51113988.0
1876,78,2,2019,51296040.0
1877,78,2,2020,51393080.0
1878,78,2,2021,51420796.0
1879,78,2,2022,51442796.0
1880,78,2,2023,50915383.55555555
1881,78,2,2024,50915383.55555555
1882,79,2,2014,46253108.0
1883,79,2,2015,46221310.0
1884,79,2,2016,46264356.0
1885,79,2,2017,46375990.0
1886,79,2,2018,46584230.0
1887,79,2,2019,46923370.0
1888,79,2,2020,47156108.0
1889,79,2,2021,47280028.0
1890,79,2,2022,47352770.0
1891,79,2,2023,46712363.333333336
1892,79,2,2024,46712363.333333336
1893,80,2,2014,9997540.0
1894,80,2,2015,10089836.0
1895,80,2,2016,10180550.0
1896,80,2,2017,10270258.0
1897,80,2,2018,10359110.0
1898,80,2,2019,10354015.0
1899,80,2,2020,10334515.0
1900,80,2,2021,10311749.0
1901,80,2,2022,10288950.0
1902,80,2,2023,10242947.0
1903,80,2,2024,10242947.0
1904,81,2,2014,310265.03
1905,81,2,2015,314604.2
1906,81,2,2016,319094.75
1907,81,2,2017,323705.84
1908,81,2,2018,328395.88
1909,81,2,2019,333372.66
1910,81,2,2020,338502.06
1911,81,2,2021,341900.06
1912,81,2,2022,344842.53
1913,81,2,2023,328298.1122222223
1914,81,2,2024,328298.1122222223
1915,82,2,2014,9709591.0
1916,82,2,2015,9813043.0
1917,82,2,2016,9918623.0
1918,82,2,2017,10025113.0
1919,82,2,2018,10130849.0
1920,82,2,2019,10238105.0
1921,82,2,2020,10340773.0
1922,82,2,2021,10439720.0
1923,82,2,2022,10521800.0
1924,82,2,2023,10126401.888888888
1925,82,2,2024,10126401.888888888
1926,83,2,2014,7917593.5
1927,83,2,2015,8008435.0
1928,83,2,2016,8096593.5
1929,83,2,2017,8172780.5
1930,83,2,2018,8233458.0
1931,83,2,2019,8292593.0
1932,83,2,2020,8353538.5
1933,83,2,2021,8404589.0
1934,83,2,2022,8452037.0
1935,83,2,2023,8214624.222222222
1936,83,2,2024,8214624.222222222
1937,84,2,2014,4520736.0
1938,84,2,2015,4829010.0
1939,84,2,2016,5161552.5
1940,84,2,2017,5507652.0
1941,84,2,2018,5862588.0
1942,84,2,2019,6225957.0
1943,84,2,2020,6607556.0
1944,84,2,2021,7007836.5
1945,84,2,2022,7424597.0
1946,84,2,2023,5905276.111111111
1947,84,2,2024,5905276.111111111
1948,85,2,2014,8682574.0
1949,85,2,2015,8828130.0
1950,85,2,2016,8964413.0
1951,85,2,2017,8980339.0
1952,85,2,2018,8989914.0
1953,85,2,2019,8992231.0
1954,85,2,2020,8988356.0
1955,85,2,2021,9087613.0
1956,85,2,2022,9181023.0
1957,85,2,2023,8966065.888888888
1958,85,2,2024,8966065.888888888
1959,86,2,2014,4164043.8
1960,86,2,2015,4604296.5
1961,86,2,2016,5089011.0
1962,86,2,2017,5619240.5
1963,86,2,2018,6183817.0
1964,86,2,2019,6789984.0
1965,86,2,2020,7435588.0
1966,86,2,2021,8117180.5
1967,86,2,2022,8826895.0
1968,86,2,2023,6314450.699999999
1969,86,2,2024,6314450.699999999
1970,87,2,2014,40187924.0
1971,87,2,2015,39962948.0
1972,87,2,2016,39753150.0
1973,87,2,2017,39519640.0
1974,87,2,2018,39256696.0
1975,87,2,2019,38972020.0
1976,87,2,2020,38630624.0
1977,87,2,2021,38207264.0
1978,87,2,2022,34786950.0
1979,87,2,2023,38808579.55555555
1980,87,2,2024,38808579.55555555
1981,88,2,2014,64709484.0
1982,88,2,2015,65151990.0
1983,88,2,2016,65574384.0
1984,88,2,2017,65975476.0
1985,88,2,2018,66335104.0
1986,88,2,2019,66672164.0
1987,88,2,2020,66944410.0
1988,88,2,2021,67157420.0
1989,88,2,2022,67376720.0
1990,88,2,2023,66210794.66666666
1991,88,2,2024,66210794.66666666
1992,89,2,2014,309839400.0
1993,89,2,2015,312839800.0
1994,89,2,2016,315872540.0
1995,89,2,2017,318889470.0
1996,89,2,2018,321685700.0
1997,89,2,2019,324321250.0
1998,89,2,2020,326417900.0
1999,89,2,2021,327963700.0
2000,89,2,2022,329725660.0
2001,89,2,2023,320839491.1111111
2002,89,2,2024,320839491.1111111
2003,90,2,2014,2083879600.0
2004,90,2,2015,2114899700.0
2005,90,2,2016,2144650900.0
2006,90,2,2017,2173819000.0
2007,90,2,2018,2201020400.0
2008,90,2,2019,2225561000.0
2009,90,2,2020,2246566700.0
2010,90,2,2021,2263474200.0
2011,90,2,2022,2277344500.0
2012,90,2,2023,2192357333.333333
2013,90,2,2024,2192357333.333333
2014,91,2,2014,48791730.0
2015,91,2,2015,49810480.0
2016,91,2,2016,50826120.0
2017,91,2,2017,51832388.0
2018,91,2,2018,52830840.0
2019,91,2,2019,53824516.0
2020,91,2,2020,54829136.0
2021,91,2,2021,55808230.0
2022,91,2,2022,56733750.0
2023,91,2,2023,52809687.777777776
2024,91,2,2024,52809687.777777776
2025,92,2,2014,5018414600.0
2026,92,2,2015,5128577500.0
2027,92,2,2016,5238561000.0
2028,92,2,2017,5348669000.0
2029,92,2,2018,5457234400.0
2030,92,2,2019,5563949000.0
2031,92,2,2020,5665250000.0
2032,92,2,2021,5733459000.0
2033,92,2,2022,5815890000.0
2034,92,2,2023,5441111611.111111
2035,92,2,2024,5441111611.111111
2036,93,2,2014,3800822.8
2037,93,2,2015,3858185.0
2038,93,2,2016,3915881.2
2039,93,2,2017,3974623.0
2040,93,2,2018,4035180.0
2041,93,2,2019,4097220.2
2042,93,2,2020,4164033.0
2043,93,2,2021,4234604.5
2044,93,2,2022,4327623.5
2045,93,2,2023,4045352.577777778
2046,93,2,2024,4045352.577777778
2047,1,3,2014,420.70084
2048,1,3,2015,62.55706
2049,1,3,2016,465.3779
2050,1,3,2017,1185.7499
2051,1,3,2018,1478.2352
2052,1,3,2019,467.42892
2053,1,3,2020,597.76044
2054,1,3,2021,1186.8959
2055,1,3,2022,1660.1467
2056,1,3,2023,1712.0625
2057,1,3,2024,552.242
2058,2,3,2014,8287.469
2059,2,3,2015,4651.6055
2060,2,3,2016,6887.0547
2061,2,3,2017,44371.94
2062,2,3,2018,4655.672
2063,2,3,2019,5292.958
2064,2,3,2020,12159.121
2065,2,3,2021,19626.861
2066,2,3,2022,12729.141
2067,2,3,2023,21341.12
2068,2,3,2024,3616.261
2069,3,3,2014,23.11703
2070,3,3,2015,1.0503589
2071,3,3,2016,4.14139
2072,3,3,2017,2.141336
2073,3,3,2018,2.251089
2074,3,3,2019,6.819831
2075,3,3,2020,1.3655814
2076,3,3,2021,0.31245166
2077,3,3,2022,19.507235
2078,3,3,2023,11.607823
2079,3,3,2024,61.73711
2080,4,3,2014,191.28091
2081,4,3,2015,17.626558
2082,4,3,2016,4.346705
2083,4,3,2017,36.273464
2084,4,3,2018,29.231812
2085,4,3,2019,1.758648
2086,4,3,2020,0.9400585
2087,4,3,2021,1.2491161
2088,4,3,2022,0.81733143
2089,4,3,2023,111.69262
2090,4,3,2024,6.878332
2091,5,3,2014,0.14068742
2092,5,3,2015,0.14029635
2093,5,3,2016,30.63881557125
2094,5,3,2017,30.63881557125
2095,5,3,2018,3.271354
2096,5,3,2019,30.63881557125
2097,5,3,2020,29.081972
2098,5,3,2021,12.60215
2099,5,3,2022,1.9720898
2100,5,3,2023,145.635
2101,5,3,2024,52.266975
2102,6,3,2014,46.766533
2103,6,3,2015,1080.6313
2104,6,3,2016,5335.328
2105,6,3,2017,584.86884
2106,6,3,2018,228.08244
2107,6,3,2019,2506.244
2108,6,3,2020,899.51624
2109,6,3,2021,235.26517
2110,6,3,2022,118.58137
2111,6,3,2023,84.87288
2112,6,3,2024,353.67377
2113,7,3,2014,0.09730925
2114,7,3,2015,7.712345377999997
2115,7,3,2016,0.04928982
2116,7,3,2017,31.33585
2117,7,3,2018,23.210161
2118,7,3,2019,19.900719
2119,7,3,2020,0.0
2120,7,3,2021,1.4595603
2121,7,3,2022,0.0
2122,7,3,2023,0.24332657
2123,7,3,2024,0.82723784
2124,8,3,2014,34.675484
2125,8,3,2015,82.62308
2126,8,3,2016,250.00085
2127,8,3,2017,465.1502
2128,8,3,2018,428.0517
2129,8,3,2019,79.50626
2130,8,3,2020,27.958374
2131,8,3,2021,48.97618
2132,8,3,2022,22.870762
2133,8,3,2023,500.63138
2134,8,3,2024,154.43098
2135,9,3,2014,435.3525
2136,9,3,2015,16.7727
2137,9,3,2016,146.67964
2138,9,3,2017,174.94629
2139,9,3,2018,426.97977
2140,9,3,2019,88.2994
2141,9,3,2020,508.70023
2142,9,3,2021,120.30718
2143,9,3,2022,419.08527
2144,9,3,2023,667.8938
2145,9,3,2024,103.49287
2146,10,3,2014,178819.2
2147,10,3,2015,211138.53
2148,10,3,2016,1776195.2
2149,10,3,2017,1144367.8
2150,10,3,2018,385744.1
2151,10,3,2019,325869.16
2152,10,3,2020,855987.7
2153,10,3,2021,488422.4
2154,10,3,2022,480311.3
2155,10,3,2023,499881.38
2156,10,3,2024,2184201.5
2157,11,3,2014,174.10367
2158,11,3,2015,27.704208
2159,11,3,2016,213.00166
2160,11,3,2017,506.25986
2161,11,3,2018,371.3996
2162,11,3,2019,28.072416
2163,11,3,2020,121.73007
2164,11,3,2021,312.27304
2165,11,3,2022,246.08875
2166,11,3,2023,192.94324
2167,11,3,2024,1251.7965
2168,12,3,2014,204.74857
2169,12,3,2015,71.520004
2170,12,3,2016,390.53757
2171,12,3,2017,435.7861
2172,12,3,2018,38.130756
2173,12,3,2019,140.2009
2174,12,3,2020,363.48633
2175,12,3,2021,322.1711
2176,12,3,2022,508.3898
2177,12,3,2023,768.2798
2178,12,3,2024,969.8648
2179,13,3,2014,1792949.4
2180,13,3,2015,1909631.9
2181,13,3,2016,1102925.0
2182,13,3,2017,1501145.1
2183,13,3,2018,1192115.6
2184,13,3,2019,1258382.1
2185,13,3,2020,351274.9
2186,13,3,2021,1618428.4
2187,13,3,2022,1450840.6
2188,13,3,2023,7789589.0
2189,13,3,2024,4440485.0
2190,14,3,2014,297.46472
2191,14,3,2015,147.92982
2192,14,3,2016,8031.213
2193,14,3,2017,1142.122
2194,14,3,2018,305.4054
2195,14,3,2019,652.49097
2196,14,3,2020,719.84766
2197,14,3,2021,2513.083
2198,14,3,2022,892.21954
2199,14,3,2023,1079.2443
2200,14,3,2024,436.28162
2201,15,3,2014,281.47588556
2202,15,3,2015,12.3517275
2203,15,3,2016,0.2285826
2204,15,3,2017,1.3714978
2205,15,3,2018,0.9143262
2206,15,3,2019,10.591114
2207,15,3,2020,4.6481075
2208,15,3,2021,94.79859
2209,15,3,2022,92.20841
2210,15,3,2023,723.4159
2211,15,3,2024,1874.2306
2212,16,3,2014,10543.968
2213,16,3,2015,11587.152
2214,16,3,2016,6908.337
2215,16,3,2017,64479.473
2216,16,3,2018,2616.7363
2217,16,3,2019,6564.4307
2218,16,3,2020,12912.059
2219,16,3,2021,5479.0815
2220,16,3,2022,6211.2324
2221,16,3,2023,30602.113
2222,16,3,2024,7199.0713
2223,17,3,2014,312.2709
2224,17,3,2015,270.87985
2225,17,3,2016,20609.59
2226,17,3,2017,2179.2866
2227,17,3,2018,1613.8516
2228,17,3,2019,5054.8916
2229,17,3,2020,3820.5317
2230,17,3,2021,629.1884
2231,17,3,2022,1620.7582
2232,17,3,2023,784.2216
2233,17,3,2024,1476.8081
2234,18,3,2014,1416.5653
2235,18,3,2015,1880.2688
2236,18,3,2016,34074.8
2237,18,3,2017,1008.9575
2238,18,3,2018,3274.3655
2239,18,3,2019,1814.9633
2240,18,3,2020,2934.3962
2241,18,3,2021,2763.84
2242,18,3,2022,4122.5996
2243,18,3,2023,3007.17
2244,18,3,2024,40994.453
2245,19,3,2014,26.676247
2246,19,3,2015,0.83443624
2247,19,3,2016,387.12247
2248,19,3,2017,2709.7852
2249,19,3,2018,34.252613
2250,19,3,2019,231.06718
2251,19,3,2020,10.619437
2252,19,3,2021,1.4419832
2253,19,3,2022,1.4394078
2254,19,3,2023,1.3650341
2255,19,3,2024,112.59317
2256,20,3,2014,0.15181488
2257,20,3,2015,3.2464573875
2258,20,3,2016,0.8376772
2259,20,3,2017,3.2464573875
2260,20,3,2018,6.1726427
2261,20,3,2019,0.22845812
2262,20,3,2020,12.717371
2263,20,3,2021,3.3506787
2264,20,3,2022,3.2464573875
2265,20,3,2023,0.6092165
2266,20,3,2024,1.9038
2267,21,3,2014,27.083162
2268,21,3,2015,8.877203
2269,21,3,2016,559.7088
2270,21,3,2017,428.13495
2271,21,3,2018,24.345194
2272,21,3,2019,27.93773
2273,21,3,2020,22.99728
2274,21,3,2021,636.59375
2275,21,3,2022,65.2165
2276,21,3,2023,44.98473
2277,21,3,2024,151.6571
2278,22,3,2014,0.097849034
2279,22,3,2015,23.0939470784
2280,22,3,2016,0.3914538
2281,22,3,2017,0.685037
2282,22,3,2018,0.63610935
2283,22,3,2019,45.16157
2284,22,3,2020,64.8768
2285,22,3,2021,22.560757
2286,22,3,2022,12.280167
2287,22,3,2023,82.830795
2288,22,3,2024,1.4189326
2289,23,3,2014,2.5749013
2290,23,3,2015,1.3798257
2291,23,3,2016,16.565922
2292,23,3,2017,9.431151
2293,23,3,2018,31.07716
2294,23,3,2019,0.34389392
2295,23,3,2020,1.1387738
2296,23,3,2021,23.470627
2297,23,3,2022,12.997434
2298,23,3,2023,5.0577154
2299,23,3,2024,3.184196
2300,24,3,2014,1658.5496
2301,24,3,2015,2852.3083
2302,24,3,2016,3162.0774
2303,24,3,2017,722.5352
2304,24,3,2018,59.459858
2305,24,3,2019,941.5459
2306,24,3,2020,2541.8098
2307,24,3,2021,436.0547
2308,24,3,2022,1600.1749
2309,24,3,2023,2908.4583
2310,24,3,2024,586.4067
2311,25,3,2014,57.467487
2312,25,3,2015,85.15682
2313,25,3,2016,152.7753
2314,25,3,2017,67.64964
2315,25,3,2018,61.041065
2316,25,3,2019,147.9543
2317,25,3,2020,279.7263
2318,25,3,2021,53.084118
2319,25,3,2022,86.25925
2320,25,3,2023,981.87286
2321,25,3,2024,1415.184
2322,26,3,2014,25.673819
2323,26,3,2015,9.1466255
2324,26,3,2016,6.6194105
2325,26,3,2017,4.0029564
2326,26,3,2018,16.843796
2327,26,3,2019,47.285946
2328,26,3,2020,90.18613
2329,26,3,2021,17.28552
2330,26,3,2022,11.827549
2331,26,3,2023,70.0349
2332,26,3,2024,1.8268344
2333,27,3,2014,52.289677
2334,27,3,2015,2.3657665
2335,27,3,2016,11.462831
2336,27,3,2017,16.329327
2337,27,3,2018,10.004503
2338,27,3,2019,8.854392
2339,27,3,2020,24.616093
2340,27,3,2021,45.87077
2341,27,3,2022,19.955675
2342,27,3,2023,811.6077
2343,27,3,2024,1105.8788
2344,28,3,2014,31.722855
2345,28,3,2015,6.0378666
2346,28,3,2016,120.26426
2347,28,3,2017,34.7596
2348,28,3,2018,2.7766755
2349,28,3,2019,7.6386986
2350,28,3,2020,1.9903389
2351,28,3,2021,66.10175
2352,28,3,2022,2.139117
2353,28,3,2023,7.6848664
2354,28,3,2024,49.409504
2355,29,3,2014,170.61739
2356,29,3,2015,111.354034
2357,29,3,2016,252.4028
2358,29,3,2017,276.56302
2359,29,3,2018,172.25522
2360,29,3,2019,141.92824
2361,29,3,2020,213.2605
2362,29,3,2021,325.46313
2363,29,3,2022,150.19342
2364,29,3,2023,242.7222
2365,29,3,2024,239.11438
2366,30,3,2014,839.2513
2367,30,3,2015,550.0881
2368,30,3,2016,2250.2617
2369,30,3,2017,6070.7144
2370,30,3,2018,3891.4893
2371,30,3,2019,4645.659
2372,30,3,2020,3772.0645
2373,30,3,2021,3777.55
2374,30,3,2022,4952.0347
2375,30,3,2023,3377.0337
2376,30,3,2024,1533.0474
2377,31,3,2014,13.644809
2378,31,3,2015,0.22933653
2379,31,3,2016,15.358434
2380,31,3,2017,45.755505
2381,31,3,2018,97.727646
2382,31,3,2019,0.4574448
2383,31,3,2020,10.71459
2384,31,3,2021,6.290501
2385,31,3,2022,13.273294
2386,31,3,2023,344.83102
2387,31,3,2024,13.799234
2388,32,3,2014,24.088472
2389,32,3,2015,12.632918
2390,32,3,2016,123.78433
2391,32,3,2017,160.86694
2392,32,3,2018,144.50787
2393,32,3,2019,964.2237
2394,32,3,2020,577.0468
2395,32,3,2021,275.81665
2396,32,3,2022,306.13177
2397,32,3,2023,340.08392
2398,32,3,2024,275.82507
2399,33,3,2014,11.463593
2400,33,3,2015,174.16948386999997
2401,33,3,2016,611.25244
2402,33,3,2017,34.693867
2403,33,3,2018,76.09959
2404,33,3,2019,6.8776007
2405,33,3,2020,338.55728
2406,33,3,2021,42.641327
2407,33,3,2022,529.4831
2408,33,3,2023,15.817485
2409,33,3,2024,74.808556
2410,34,3,2014,1566.4677
2411,34,3,2015,1756.8129
2412,34,3,2016,3496.0764
2413,34,3,2017,6172.7944
2414,34,3,2018,4036.8804
2415,34,3,2019,3916.588
2416,34,3,2020,2453.551
2417,34,3,2021,46208.863
2418,34,3,2022,6767.061
2419,34,3,2023,41303.473
2420,34,3,2024,9415.325
2421,35,3,2014,974.1088
2422,35,3,2015,999.8129
2423,35,3,2016,17885.5
2424,35,3,2017,1825.8579
2425,35,3,2018,1239.1287
2426,35,3,2019,7931.155
2427,35,3,2020,20308.12
2428,35,3,2021,1308.6774
2429,35,3,2022,1479.7172
2430,35,3,2023,7270.6743
2431,35,3,2024,50584.73
2432,36,3,2014,0.0
2433,36,3,2015,0.60267454
2434,36,3,2016,0.60296404
2435,36,3,2017,2.5616457
2436,36,3,2018,2.5785374344444443
2437,36,3,2019,4.0680923
2438,36,3,2020,8.514644
2439,36,3,2021,5.5008326
2440,36,3,2022,2.5785374344444443
2441,36,3,2023,0.30133033
2442,36,3,2024,1.0546534
2443,37,3,2014,5950706.0
2444,37,3,2015,4586516.0
2445,37,3,2016,6032443.5
2446,37,3,2017,6043139.5
2447,37,3,2018,5753126.0
2448,37,3,2019,6132936.0
2449,37,3,2020,7647623.5
2450,37,3,2021,8184706.5
2451,37,3,2022,5811542.5
2452,37,3,2023,10742586.0
2453,37,3,2024,9447369.0
2454,38,3,2014,675.1664
2455,38,3,2015,2296.1409
2456,38,3,2016,25432.363
2457,38,3,2017,6011.1504
2458,38,3,2018,1269.7794
2459,38,3,2019,2069.5
2460,38,3,2020,2585.1223
2461,38,3,2021,950.8947
2462,38,3,2022,778.3967
2463,38,3,2023,4404.3877
2464,38,3,2024,6700.9644
2465,39,3,2014,10.888364
2466,39,3,2015,7.290764
2467,39,3,2016,12.744038
2468,39,3,2017,0.74344367
2469,39,3,2018,0.47701666
2470,39,3,2019,30.22955273666667
2471,39,3,2020,1.1600366
2472,39,3,2021,30.22955273666667
2473,39,3,2022,4.3096967
2474,39,3,2023,10.125065
2475,39,3,2024,224.32755
2476,40,3,2014,152202.88
2477,40,3,2015,286901.9
2478,40,3,2016,725432.56
2479,40,3,2017,43657.39
2480,40,3,2018,39086.035
2481,40,3,2019,82901.94
2482,40,3,2020,76855.51
2483,40,3,2021,28666.137
2484,40,3,2022,28864.07
2485,40,3,2023,67934.6
2486,40,3,2024,51984.6
2487,41,3,2014,9.757878
2488,41,3,2015,2.4689565
2489,41,3,2016,26.34695
2490,41,3,2017,64.95882
2491,41,3,2018,60.593403
2492,41,3,2019,30.028292
2493,41,3,2020,10.563546
2494,41,3,2021,26.533556
2495,41,3,2022,1.5582243
2496,41,3,2023,6.3238683
2497,41,3,2024,2.577421
2498,42,3,2014,14.389289
2499,42,3,2015,13.750752
2500,42,3,2016,15.329276
2501,42,3,2017,42.792454
2502,42,3,2018,16.541088
2503,42,3,2019,3.5734582
2504,42,3,2020,2.2191257
2505,42,3,2021,6.532768
2506,42,3,2022,59.014683
2507,42,3,2023,3.889418
2508,42,3,2024,13.005436
2509,43,3,2014,2164.716
2510,43,3,2015,1213.3512
2511,43,3,2016,3442.6714
2512,43,3,2017,10550.051
2513,43,3,2018,7782.8887
2514,43,3,2019,2562.6343
2515,43,3,2020,1557.3536
2516,43,3,2021,7105.1167
2517,43,3,2022,4981.579
2518,43,3,2023,3013.1426
2519,43,3,2024,2466.8508
2520,44,3,2014,37.942726
2521,44,3,2015,0.12811147
2522,44,3,2016,41.482056
2523,44,3,2017,103.62176
2524,44,3,2018,124.43134
2525,44,3,2019,42.501747
2526,44,3,2020,19.886475
2527,44,3,2021,18.787786
2528,44,3,2022,4.683907
2529,44,3,2023,17.513073
2530,44,3,2024,152.96988
2531,45,3,2014,86.98302
2532,45,3,2015,4.999499
2533,45,3,2016,318.00903
2534,45,3,2017,275.0466
2535,45,3,2018,338.67682
2536,45,3,2019,161.42085
2537,45,3,2020,386.41302
2538,45,3,2021,126.504105
2539,45,3,2022,2368.9053
2540,45,3,2023,15918.819
2541,45,3,2024,1393.5492
2542,46,3,2014,8.329619
2543,46,3,2015,19.53424145555556
2544,46,3,2016,19.53424145555556
2545,46,3,2017,4.7157164
2546,46,3,2018,11.42582
2547,46,3,2019,4.722917
2548,46,3,2020,4.6672187
2549,46,3,2021,12.066882
2550,46,3,2022,18.041267
2551,46,3,2023,79.46881
2552,46,3,2024,32.369923
2553,47,3,2014,6.861122
2554,47,3,2015,20.505123
2555,47,3,2016,160.12056
2556,47,3,2017,76.98502
2557,47,3,2018,10.447017
2558,47,3,2019,52.1445
2559,47,3,2020,58.847824
2560,47,3,2021,220.1962
2561,47,3,2022,16.580809
2562,47,3,2023,32.810337
2563,47,3,2024,150.02573
2564,48,3,2014,7.382372
2565,48,3,2015,19.618181
2566,48,3,2016,9.854577
2567,48,3,2017,10.489062
2568,48,3,2018,457.46994
2569,48,3,2019,522.5648
2570,48,3,2020,30.153091
2571,48,3,2021,21.877176
2572,48,3,2022,82.38608
2573,48,3,2023,15.49493
2574,48,3,2024,5.66145
2575,49,3,2014,44.65431
2576,49,3,2015,34.978188
2577,49,3,2016,78.78101
2578,49,3,2017,69.72447
2579,49,3,2018,69.3343
2580,49,3,2019,123.185814
2581,49,3,2020,278.38217
2582,49,3,2021,495.18118
2583,49,3,2022,361.68185
2584,49,3,2023,269.9028
2585,49,3,2024,249.11815
2586,50,3,2014,4.8960543
2587,50,3,2015,1.1101867
2588,50,3,2016,4.0825143
2589,50,3,2017,14.376733
2590,50,3,2018,8.326829
2591,50,3,2019,12.705507
2592,50,3,2020,4.686
2593,50,3,2021,0.62632805
2594,50,3,2022,5.209337
2595,50,3,2023,133.01332
2596,50,3,2024,7.28464
2597,51,3,2014,53971.508
2598,51,3,2015,30695.018
2599,51,3,2016,57900.566
2600,51,3,2017,54333.8
2601,51,3,2018,39910.707
2602,51,3,2019,56604.375
2603,51,3,2020,45123.035
2604,51,3,2021,48221.125
2605,51,3,2022,42883.465
2606,51,3,2023,46657.742
2607,51,3,2024,101303.1
2608,52,3,2014,37736.78
2609,52,3,2015,56886.395
2610,52,3,2016,224859.31
2611,52,3,2017,118335.17
2612,52,3,2018,38849.89
2613,52,3,2019,532260.8
2614,52,3,2020,223538.27
2615,52,3,2021,305783.16
2616,52,3,2022,213358.11
2617,52,3,2023,401466.3
2618,52,3,2024,1551868.5
2619,53,3,2014,44023.72
2620,53,3,2015,14837.659
2621,53,3,2016,15242.064
2622,53,3,2017,37665.473
2623,53,3,2018,22293.133
2624,53,3,2019,28120.322
2625,53,3,2020,13819.751
2626,53,3,2021,20261.71
2627,53,3,2022,23810.174
2628,53,3,2023,27467.34
2629,53,3,2024,25990.805
2630,54,3,2014,64.988174
2631,54,3,2015,18.571278
2632,54,3,2016,122.311775
2633,54,3,2017,134.28087
2634,54,3,2018,160.60101
2635,54,3,2019,122.34153
2636,54,3,2020,199.41235
2637,54,3,2021,282.09003
2638,54,3,2022,176.58984
2639,54,3,2023,236.85498
2640,54,3,2024,342.17532
2641,55,3,2014,10129.225
2642,55,3,2015,5444.765
2643,55,3,2016,15204.139
2644,55,3,2017,6172.72
2645,55,3,2018,3378.7688
2646,55,3,2019,3569.551
2647,55,3,2020,1977.5059
2648,55,3,2021,1132.0378
2649,55,3,2022,1029.7163
2650,55,3,2023,1819.7844
2651,55,3,2024,4250.561
2652,56,3,2014,4102.633
2653,56,3,2015,17843.39
2654,56,3,2016,14945.504
2655,56,3,2017,21324.34
2656,56,3,2018,16162.311
2657,56,3,2019,34264.39
2658,56,3,2020,45458.586
2659,56,3,2021,27339.082
2660,56,3,2022,20502.416
2661,56,3,2023,26717.738
2662,56,3,2024,122734.17
2663,57,3,2014,0.85257417
2664,57,3,2015,5.304632994
2665,57,3,2016,0.99953157
2666,57,3,2017,2.5845728
2667,57,3,2018,1.2881076
2668,57,3,2019,1.6634015
2669,57,3,2020,7.7131143
2670,57,3,2021,17.86036
2671,57,3,2022,5.770762
2672,57,3,2023,5.615585
2673,57,3,2024,8.698321
2674,58,3,2014,388.7556
2675,58,3,2015,7069.696
2676,58,3,2016,3792.469
2677,58,3,2017,25011.062
2678,58,3,2018,9138.057
2679,58,3,2019,2371.9016
2680,58,3,2020,308.8985
2681,58,3,2021,82.58868
2682,58,3,2022,56.609043
2683,58,3,2023,710.5578
2684,58,3,2024,2478.186
2685,59,3,2014,515.71
2686,59,3,2015,15.104492
2687,59,3,2016,125.414536
2688,59,3,2017,747.969
2689,59,3,2018,922.76013
2690,59,3,2019,74.46067
2691,59,3,2020,237.0276
2692,59,3,2021,96.91221
2693,59,3,2022,382.8716
2694,59,3,2023,247.36777
2695,59,3,2024,33.688965
2696,60,3,2014,749.1202
2697,60,3,2015,361.72443
2698,60,3,2016,1060.1686
2699,60,3,2017,1410.3088
2700,60,3,2018,1091.8082
2701,60,3,2019,735.6751
2702,60,3,2020,3001.257
2703,60,3,2021,1021.27734
2704,60,3,2022,11436.3955
2705,60,3,2023,3439.2205
2706,60,3,2024,812.452
2707,61,3,2014,40.97122
2708,61,3,2015,24.941057
2709,61,3,2016,126.770645
2710,61,3,2017,785.90924
2711,61,3,2018,109.236465
2712,61,3,2019,61.00644
2713,61,3,2020,34.420788
2714,61,3,2021,202.10146
2715,61,3,2022,131.76567
2716,61,3,2023,204.60295
2717,61,3,2024,504.3788
2718,62,3,2014,8.256224
2719,62,3,2015,2.7446628
2720,62,3,2016,0.80531603
2721,62,3,2017,13.216673
2722,62,3,2018,13.443384
2723,62,3,2019,12.299132
2724,62,3,2020,10.163148
2725,62,3,2021,14.269565
2726,62,3,2022,21.15909
2727,62,3,2023,43.154083
2728,62,3,2024,15.411024
2729,63,3,2014,1919.4539
2730,63,3,2015,1315.1097
2731,63,3,2016,4120.3877
2732,63,3,2017,1944.0095
2733,63,3,2018,1866.5502
2734,63,3,2019,1821.5038
2735,63,3,2020,1670.5316
2736,63,3,2021,1527.7386
2737,63,3,2022,2703.366
2738,63,3,2023,1928.631
2739,63,3,2024,1472.6554
2740,64,3,2014,1.1477783
2741,64,3,2015,0.0
2742,64,3,2016,2.4495068
2743,64,3,2017,252.75624
2744,64,3,2018,45.032856
2745,64,3,2019,4.2890706
2746,64,3,2020,20.678127
2747,64,3,2021,30.837446
2748,64,3,2022,176.95828
2749,64,3,2023,167.46555
2750,64,3,2024,166.01143
2751,65,3,2014,135.74069
2752,65,3,2015,31.548487
2753,65,3,2016,93.37775
2754,65,3,2017,225.91081
2755,65,3,2018,362.91776
2756,65,3,2019,142.7714
2757,65,3,2020,195.44618
2758,65,3,2021,1119.5875
2759,65,3,2022,843.1209
2760,65,3,2023,214.83763
2761,65,3,2024,816.7129
2762,66,3,2014,232.35576
2763,66,3,2015,68.526436
2764,66,3,2016,86.567505
2765,66,3,2017,120.20159
2766,66,3,2018,229.75262
2767,66,3,2019,504.24725
2768,66,3,2020,324.41534
2769,66,3,2021,285.6229
2770,66,3,2022,232.50793
2771,66,3,2023,157.51317
2772,66,3,2024,215.89873
2773,67,3,2014,3.1696591
2774,67,3,2015,22.830683366666666
2775,67,3,2016,22.830683366666666
2776,67,3,2017,133.35696
2777,67,3,2018,14.564242
2778,67,3,2019,4.9350877
2779,67,3,2020,2.6695447
2780,67,3,2021,8.380467
2781,67,3,2022,3.8959138
2782,67,3,2023,17.037436
2783,67,3,2024,17.46684
2784,68,3,2014,5371.915
2785,68,3,2015,2352.135
2786,68,3,2016,7965.559
2787,68,3,2017,27267.195
2788,68,3,2018,2496.393
2789,68,3,2019,109343.46
2790,68,3,2020,37734.64
2791,68,3,2021,39558.21
2792,68,3,2022,13474.153
2793,68,3,2023,7130.322
2794,68,3,2024,93184.1
2795,69,3,2014,1074.2404
2796,69,3,2015,1031.4496
2797,69,3,2016,4623.2744
2798,69,3,2017,13449.213
2799,69,3,2018,1022.37103
2800,69,3,2019,2883.2126
2801,69,3,2020,2972.0637
2802,69,3,2021,5663.4766
2803,69,3,2022,7127.714
2804,69,3,2023,12872.73
2805,69,3,2024,41994.21
2806,70,3,2014,732.3786
2807,70,3,2015,118.26558
2808,70,3,2016,993.12463
2809,70,3,2017,307.01816
2810,70,3,2018,133.40134
2811,70,3,2019,251.44112
2812,70,3,2020,364.47247
2813,70,3,2021,77.64854
2814,70,3,2022,2763.123
2815,70,3,2023,176.21864
2816,70,3,2024,750.87177
2817,71,3,2014,49.214157
2818,71,3,2015,22.29526
2819,71,3,2016,41.642017
2820,71,3,2017,8.448186
2821,71,3,2018,13.8327465
2822,71,3,2019,45.271408
2823,71,3,2020,50.926277
2824,71,3,2021,2.6958644
2825,71,3,2022,4.8505607
2826,71,3,2023,1.679301
2827,71,3,2024,1.939178
2828,72,3,2014,26757.23
2829,72,3,2015,20470.71
2830,72,3,2016,52328.316
2831,72,3,2017,143246.19
2832,72,3,2018,63808.68
2833,72,3,2019,13395.724
2834,72,3,2020,25310.766
2835,72,3,2021,11151.045
2836,72,3,2022,23769.527
2837,72,3,2023,13030.275
2838,72,3,2024,19582.81
2839,73,3,2014,116.898476
2840,73,3,2015,4.3445826
2841,73,3,2016,64.31325
2842,73,3,2017,5.117525
2843,73,3,2018,6.6143503
2844,73,3,2019,7.269498
2845,73,3,2020,42.940712
2846,73,3,2021,13.697898
2847,73,3,2022,79.90906
2848,73,3,2023,240.39896
2849,73,3,2024,13.648849
2850,74,3,2014,3627336.5
2851,74,3,2015,1495586.1
2852,74,3,2016,3870042.8
2853,74,3,2017,3553219.0
2854,74,3,2018,3700898.8
2855,74,3,2019,2586253.8
2856,74,3,2020,4267667.5
2857,74,3,2021,5408222.5
2858,74,3,2022,3174097.8
2859,74,3,2023,2363272.2
2860,74,3,2024,4201268.0
2861,75,3,2014,301.88828
2862,75,3,2015,25.832287
2863,75,3,2016,213.5314
2864,75,3,2017,66.94245
2865,75,3,2018,116.892746
2866,75,3,2019,20.213213
2867,75,3,2020,72.14925
2868,75,3,2021,108.81499
2869,75,3,2022,176.77
2870,75,3,2023,46.963375
2871,75,3,2024,86.79176
2872,76,3,2014,12.55979496
2873,76,3,2015,1.524895
2874,76,3,2016,2.4419396
2875,76,3,2017,34.204918
2876,76,3,2018,8.312476
2877,76,3,2019,10.414366
2878,76,3,2020,8.227473
2879,76,3,2021,19.04606
2880,76,3,2022,9.98144
2881,76,3,2023,13.704319
2882,76,3,2024,17.740063
2883,77,3,2014,9.123552
2884,77,3,2015,1.569056
2885,77,3,2016,1.2426071
2886,77,3,2017,6.425055
2887,77,3,2018,5.628276
2888,77,3,2019,9.600206
2889,77,3,2020,25.127737
2890,77,3,2021,6.4789205
2891,77,3,2022,816.61053
2892,77,3,2023,317.66937
2893,77,3,2024,26.147942
2894,78,3,2014,72.78514
2895,78,3,2015,49.975086
2896,78,3,2016,253.23375
2897,78,3,2017,261.2391
2898,78,3,2018,207.88095
2899,78,3,2019,1171.3916
2900,78,3,2020,1240.6353
2901,78,3,2021,336.7963
2902,78,3,2022,5293.124
2903,78,3,2023,2062.99
2904,78,3,2024,297.16193
2905,79,3,2014,13840.77
2906,79,3,2015,13888.078
2907,79,3,2016,26542.836
2908,79,3,2017,41241.72
2909,79,3,2018,32787.43
2910,79,3,2019,11520.48
2911,79,3,2020,19849.203
2912,79,3,2021,23159.498
2913,79,3,2022,82819.1
2914,79,3,2023,33048.87
2915,79,3,2024,14604.965
2916,80,3,2014,48.53237
2917,80,3,2015,12.767999
2918,80,3,2016,11.333201
2919,80,3,2017,3.7305944
2920,80,3,2018,14.860457
2921,80,3,2019,26.56698
2922,80,3,2020,0.07595443
2923,80,3,2021,12.470653
2924,80,3,2022,10.1117935
2925,80,3,2023,33.29579
2926,80,3,2024,14.702655
2927,81,3,2014,80.886635
2928,81,3,2015,295.6861
2929,81,3,2016,714.7722
2930,81,3,2017,147.95963
2931,81,3,2018,192.73607
2932,81,3,2019,1040.2087
2933,81,3,2020,649.0902
2934,81,3,2021,143.85794
2935,81,3,2022,135.48538
2936,81,3,2023,3000.0925
2937,81,3,2024,14965.8
2938,82,3,2014,9017.651
2939,82,3,2015,1018.93005
2940,82,3,2016,1059.3444
2941,82,3,2017,552.3837
2942,82,3,2018,3278.8826
2943,82,3,2019,4451.7017
2944,82,3,2020,514.18744
2945,82,3,2021,256.82898
2946,82,3,2022,258.8808
2947,82,3,2023,267.04694
2948,82,3,2024,152.75893
2949,83,3,2014,1.1243993
2950,83,3,2015,0.10580628
2951,83,3,2016,0.26753616
2952,83,3,2017,3.6958265
2953,83,3,2018,6.481102
2954,83,3,2019,1.2851555
2955,83,3,2020,1.6061546
2956,83,3,2021,7.143417
2957,83,3,2022,8.992072
2958,83,3,2023,25.242952
2959,83,3,2024,10.540402
2960,84,3,2014,371.59174
2961,84,3,2015,481.62366
2962,84,3,2016,183.18762
2963,84,3,2017,379.5545
2964,84,3,2018,221.80084
2965,84,3,2019,117.88634
2966,84,3,2020,604.1415
2967,84,3,2021,817.83417
2968,84,3,2022,627.71216
2969,84,3,2023,765.4065
2970,84,3,2024,1697.5973
2971,85,3,2014,2180.0127
2972,85,3,2015,1765.2675
2973,85,3,2016,1305.0098
2974,85,3,2017,8261.368
2975,85,3,2018,790.3617
2976,85,3,2019,339.03024
2977,85,3,2020,889.93134
2978,85,3,2021,1981.4849
2979,85,3,2022,2847.9897
2980,85,3,2023,3244.1018
2981,85,3,2024,1417.1711
2982,86,3,2014,117.703514
2983,86,3,2015,2.2305233
2984,86,3,2016,8.846469
2985,86,3,2017,21.384377
2986,86,3,2018,21.99303
2987,86,3,2019,13.538583
2988,86,3,2020,144.85155
2989,86,3,2021,74.31199
2990,86,3,2022,25.231298
2991,86,3,2023,23.694632
2992,86,3,2024,119.758835
2993,87,3,2014,946.12866
2994,87,3,2015,2747.2542
2995,87,3,2016,16213.364
2996,87,3,2017,3474.5256
2997,87,3,2018,4108.4927
2998,87,3,2019,3059.7488
2999,87,3,2020,23750.014
3000,87,3,2021,16835.6
3001,87,3,2022,9197.978
3002,87,3,2023,18136.254
3003,87,3,2024,37381.18
3004,88,3,2014,308.25385
3005,88,3,2015,29.269794
3006,88,3,2016,86.52178
3007,88,3,2017,105.19412
3008,88,3,2018,16.071346
3009,88,3,2019,25.611063
3010,88,3,2020,32.371124
3011,88,3,2021,32.67427
3012,88,3,2022,76.56597
3013,88,3,2023,43.220665
3014,88,3,2024,70.29261
3015,89,3,2014,265169.84
3016,89,3,2015,939205.2
3017,89,3,2016,634659.3
3018,89,3,2017,570822.25
3019,89,3,2018,565444.0
3020,89,3,2019,662813.2
3021,89,3,2020,687668.44
3022,89,3,2021,862273.2
3023,89,3,2022,978021.56
3024,89,3,2023,301854.8
3025,89,3,2024,530978.1
3026,90,3,2014,402789.06
3027,90,3,2015,596622.56
3028,90,3,2016,2746212.2
3029,90,3,2017,1430088.1
3030,90,3,2018,519164.56
3031,90,3,2019,683443.44
3032,90,3,2020,1191315.4
3033,90,3,2021,719992.06
3034,90,3,2022,658766.56
3035,90,3,2023,763763.25
3036,90,3,2024,2776684.2
3037,91,3,2014,90.113945
3038,91,3,2015,104.288925
3039,91,3,2016,2092.9255
3040,91,3,2017,196.83606
3041,91,3,2018,323.86322
3042,91,3,2019,162.8133
3043,91,3,2020,160.70512
3044,91,3,2021,119.585724
3045,91,3,2022,115.77232
3046,91,3,2023,157.42644
3047,91,3,2024,835.53485
3048,92,3,2014,6445221.5
3049,92,3,2015,5270720.5
3050,92,3,2016,9061417.0
3051,92,3,2017,7645898.0
3052,92,3,2018,6351051.5
3053,92,3,2019,7405245.5
3054,92,3,2020,9107600.0
3055,92,3,2021,9258703.0
3056,92,3,2022,6726551.0
3057,92,3,2023,11954474.0
3058,92,3,2024,13877225.0
3059,93,3,2014,55.03183
3060,93,3,2015,190.50203
3061,93,3,2016,284.86838
3062,93,3,2017,1409.6913
3063,93,3,2018,134.89117
3064,93,3,2019,579.14575
3065,93,3,2020,128.51866
3066,93,3,2021,89.734535
3067,93,3,2022,272.28394
3068,93,3,2023,143.11354
3069,93,3,2024,172.48874
