EconDataID,CountryID,EconIndicatorID,Year,Value
01,1,1,2014,12832.212
02,1,1,2015,13156.332
03,1,1,2016,13692.479
04,1,1,2017,14155.04
05,1,1,2018,14710.982
06,1,1,2019,15078.507
07,1,1,2020,14662.796
08,1,1,2021,16126.777
09,1,1,2022,17111.953
10,1,1,2023,17991.016
11,1,1,2024,18919.807
12,2,1,2014,15073.763
13,2,1,2015,15239.518
14,2,1,2016,15511.686
15,2,1,2017,15427.664
16,2,1,2018,15343.426
17,2,1,2019,15199.199
18,2,1,2020,14194.155
19,2,1,2021,14496.865
20,2,1,2022,14782.2
21,2,1,2023,15159.324
22,2,1,2024,15442.124
23,3,1,2014,60919.84
24,3,1,2015,61026.0
25,3,1,2016,61647.78
26,3,1,2017,62612.14
27,3,1,2018,63855.78
28,3,1,2019,64688.145
29,3,1,2020,60349.902
30,3,1,2021,62968.94
31,3,1,2022,65661.45
32,3,1,2023,64394.09
33,3,1,2024,63314.46
34,4,1,2014,20709.201
35,4,1,2015,20678.754
36,4,1,2016,19822.41
37,4,1,2017,19659.004
38,4,1,2018,19781.852
39,4,1,2019,20101.492
40,4,1,2020,19126.098
41,4,1,2021,20111.375
42,4,1,2022,21051.244
43,4,1,2023,21310.738
44,4,1,2024,22072.105
45,5,1,2014,5068.6396
46,5,1,2015,5352.7114
47,5,1,2016,5682.5356
48,5,1,2017,6005.707
49,5,1,2018,6392.5933
50,5,1,2019,6838.326
51,5,1,2020,7015.1978
52,5,1,2021,7441.0693
53,5,1,2022,7888.164
54,5,1,2023,8242.398
55,5,1,2024,8486.785
56,6,1,2014,26564.436
57,6,1,2015,25513.213
58,6,1,2016,24846.83
59,6,1,2017,25503.98
60,6,1,2018,26363.463
61,6,1,2019,26798.82
62,6,1,2020,26731.496
63,6,1,2021,27611.18
64,6,1,2022,26537.508
65,6,1,2023,27782.438
66,6,1,2024,29037.53
67,7,1,2014,57028.06
68,7,1,2015,57534.4
69,7,1,2016,57927.043
70,7,1,2017,58555.152
71,7,1,2018,59383.88
72,7,1,2019,60506.66
73,7,1,2020,57358.836
74,7,1,2021,60669.215
75,7,1,2022,62744.203
76,7,1,2023,62920.645
77,7,1,2024,63083.184
78,8,1,2014,11744.519
79,8,1,2015,12400.298
80,8,1,2016,13320.976
81,8,1,2017,13482.343
82,8,1,2018,13854.8545
83,8,1,2019,14555.188
84,8,1,2020,12979.937
85,8,1,2021,13458.8125
86,8,1,2022,14061.3125
87,8,1,2023,14645.266
88,8,1,2024,13450.350650000002
89,9,1,2014,13454.384
90,9,1,2015,14219.543
91,9,1,2016,14873.068
92,9,1,2017,15554.06
93,9,1,2018,16348.134
94,9,1,2019,17028.643
95,9,1,2020,16746.39
96,9,1,2021,18285.672
97,9,1,2022,19297.072
98,9,1,2023,19803.846
99,9,1,2024,20428.525
100,10,1,2014,19183.172
101,10,1,2015,18357.068
102,10,1,2016,17620.928
103,10,1,2017,17724.48
104,10,1,2018,17917.75
105,10,1,2019,18018.621
106,10,1,2020,17327.516
107,10,1,2021,18075.705
108,10,1,2022,18554.047
109,10,1,2023,19079.812
110,10,1,2024,19647.91
111,11,1,2014,23446.406
112,11,1,2015,24553.145
113,11,1,2016,25626.824
114,11,1,2017,26681.43
115,11,1,2018,27739.502
116,11,1,2019,29199.834
117,11,1,2020,28545.709
118,11,1,2021,30971.914
119,11,1,2022,32433.15
120,11,1,2023,33139.938
121,11,1,2024,34083.234
122,12,1,2014,4702.7305
123,12,1,2015,4968.5728
124,12,1,2016,5283.7295
125,12,1,2017,5632.0312
126,12,1,2018,6050.591
127,12,1,2019,6448.885
128,12,1,2020,6128.782
129,12,1,2021,6225.5327
130,12,1,2022,6458.368
131,12,1,2023,6695.292
132,12,1,2024,7011.5815
133,13,1,2014,55723.484
134,13,1,2015,55660.867
135,13,1,2016,55606.156
136,13,1,2017,56612.33
137,13,1,2018,57337.492
138,13,1,2019,57583.848
139,13,1,2020,54092.88
140,13,1,2021,56995.117
141,13,1,2022,58321.062
142,13,1,2023,57517.44
143,13,1,2024,56691.906
144,14,1,2014,1001.85596
145,14,1,2015,1043.9218
146,14,1,2016,1073.9448
147,14,1,2017,1103.8661
148,14,1,2018,1125.7009
149,14,1,2019,1145.0956
150,14,1,2020,1136.5706
151,14,1,2021,1128.5524
152,14,1,2022,1136.8018
153,14,1,2023,1132.6764
154,14,1,2024,1111.6533
155,15,1,2014,2821.2751
156,15,1,2015,2823.3606
157,15,1,2016,2623.1206
158,15,1,2017,2496.4927
159,15,1,2018,2552.6062
160,15,1,2019,2604.9163
161,15,1,2020,2513.0159
162,15,1,2021,2435.0728
163,15,1,2022,2655.71
164,15,1,2023,2641.4329
165,15,1,2024,2605.7717
166,16,1,2014,27505.049
167,16,1,2015,27811.375
168,16,1,2016,27958.729
169,16,1,2017,27892.994
170,16,1,2018,28492.662
171,16,1,2019,28218.535
172,16,1,2020,26248.562
173,16,1,2021,29089.85
174,16,1,2022,29569.479
175,16,1,2023,29563.678
176,16,1,2024,30182.787
177,17,1,2014,16480.363
178,17,1,2015,16821.38
179,17,1,2016,17003.244
180,17,1,2017,16986.033
181,17,1,2018,17104.13
182,17,1,2019,17336.771
183,17,1,2020,15861.5
184,17,1,2021,17383.09
185,17,1,2022,18458.72
186,17,1,2023,18382.998
187,17,1,2024,18503.67
188,18,1,2014,9159.257
189,18,1,2015,8977.707
190,18,1,2016,8001.8257
191,18,1,2017,7372.7705
192,18,1,2018,7029.3364
193,18,1,2019,6939.369
194,18,1,2020,6350.5093
195,18,1,2021,6263.2114
196,18,1,2022,6205.105
197,18,1,2023,6172.2876
198,18,1,2024,6181.4707
199,19,1,2014,20724.922
200,19,1,2015,21254.783
201,19,1,2016,21925.6
202,19,1,2017,22622.553
203,19,1,2018,23005.312
204,19,1,2019,23364.783
205,19,1,2020,22211.861
206,19,1,2021,23852.926
207,19,1,2022,24831.719
208,19,1,2023,25979.629
209,19,1,2024,26973.436
210,20,1,2014,4907.5747
211,20,1,2015,5110.8623
212,20,1,2016,5320.8467
213,20,1,2017,5556.114
214,20,1,2018,5670.2
215,20,1,2019,5894.879
216,20,1,2020,5787.8154
217,20,1,2021,6045.2046
218,20,1,2022,6272.264
219,20,1,2023,6511.751
220,20,1,2024,6733.154
221,21,1,2014,36442.01
222,21,1,2015,37903.125
223,21,1,2016,40209.863
224,21,1,2017,42128.566
225,21,1,2018,44227.91
226,21,1,2019,46195.594
227,21,1,2020,44203.89
228,21,1,2021,48781.277
229,21,1,2022,51588.445
230,21,1,2023,52190.875
231,21,1,2024,53252.46
232,22,1,2014,40158.016
233,22,1,2015,42066.574
234,22,1,2016,43069.465
235,22,1,2017,45177.523
236,22,1,2018,46301.082
237,22,1,2019,47763.617
238,22,1,2020,45119.938
239,22,1,2021,47796.035
240,22,1,2022,48390.66
241,22,1,2023,47509.523
242,22,1,2024,47961.81
243,23,1,2014,61047.332
244,23,1,2015,61893.246
245,23,1,2016,63299.336
246,23,1,2017,64815.73
247,23,1,2018,65694.76
248,23,1,2019,66580.19
249,23,1,2020,65204.55
250,23,1,2021,69715.18
251,23,1,2022,70233.64
252,23,1,2023,71454.52
253,23,1,2024,73709.0
254,24,1,2014,16993.588
255,24,1,2015,17973.188
256,24,1,2016,18968.975
257,24,1,2017,19501.875
258,24,1,2018,20662.848
259,24,1,2019,21451.287
260,24,1,2020,19545.41
261,24,1,2021,22053.459
262,24,1,2022,22986.959
263,24,1,2023,23282.49
264,24,1,2024,24229.469
265,25,1,2014,14064.799
266,25,1,2015,13881.57
267,25,1,2016,13586.516
268,25,1,2017,14179.153
269,25,1,2018,14083.507
270,25,1,2019,13870.489
271,25,1,2020,12440.326
272,25,1,2021,13507.444
273,25,1,2022,14186.639
274,25,1,2023,14343.019
275,25,1,2024,13935.539
276,26,1,2014,36090.492
277,26,1,2015,36729.81
278,26,1,2016,37854.844
279,26,1,2017,39939.457
280,26,1,2018,41273.2
281,26,1,2019,42652.535
282,26,1,2020,41340.766
283,26,1,2021,44251.54
284,26,1,2022,43690.414
285,26,1,2023,41706.52
286,26,1,2024,41546.12
287,27,1,2014,1821.3916
288,27,1,2015,1957.4146
289,27,1,2016,2084.8406
290,27,1,2017,2222.8281
291,27,1,2018,2311.165
292,27,1,2019,2437.9705
293,27,1,2020,2516.549
294,27,1,2021,2588.413
295,27,1,2022,2655.5928
296,27,1,2023,2757.9592
297,27,1,2024,2884.2646
298,28,1,2014,11621.13
299,28,1,2015,12131.092
300,28,1,2016,12419.826
301,28,1,2017,13090.501
302,28,1,2018,13612.952
303,28,1,2019,13567.474
304,28,1,2020,11254.97
305,28,1,2021,10685.197
306,28,1,2022,12762.347
307,28,1,2023,13652.491
308,28,1,2024,14104.443
309,29,1,2014,52710.734
310,29,1,2015,52782.49
311,29,1,2016,53984.633
312,29,1,2017,55637.227
313,29,1,2018,56226.336
314,29,1,2019,56922.49
315,29,1,2020,55424.86
316,29,1,2021,56790.375
317,29,1,2022,57068.305
318,29,1,2023,56246.44
319,29,1,2024,55628.68
320,30,1,2014,50326.566
321,30,1,2015,50682.895
322,30,1,2016,50984.074
323,30,1,2017,51895.566
324,30,1,2018,52560.953
325,30,1,2019,53448.555
326,30,1,2020,49311.332
327,30,1,2021,52517.336
328,30,1,2022,53691.617
329,30,1,2023,54017.875
330,30,1,2024,54464.98
331,31,1,2014,14475.313
332,31,1,2015,14936.844
333,31,1,2016,15442.956
334,31,1,2017,16237.624
335,31,1,2018,17228.68
336,31,1,2019,18186.88
337,31,1,2020,17031.145
338,31,1,2021,18915.654
339,31,1,2022,20966.527
340,31,1,2023,22590.53
341,31,1,2024,25000.633
342,32,1,2014,59239.34
343,32,1,2015,59699.34
344,32,1,2016,60578.285
345,32,1,2017,61991.496
346,32,1,2018,62495.5
347,32,1,2019,62970.715
348,32,1,2020,60342.664
349,32,1,2021,62530.766
350,32,1,2022,62931.97
351,32,1,2023,62686.54
352,32,1,2024,62829.797
353,33,1,2014,5619.0723
354,33,1,2015,5607.366
355,33,1,2016,5666.078
356,33,1,2017,5993.631
357,33,1,2018,6234.512
358,33,1,2019,6508.2466
359,33,1,2020,6412.6855
360,33,1,2021,6607.503
361,33,1,2022,6728.454
362,33,1,2023,6808.5376
363,33,1,2024,7061.934
364,34,1,2014,31213.377
365,34,1,2015,31347.977
366,34,1,2016,31468.62
367,34,1,2017,31995.41
368,34,1,2018,32722.33
369,34,1,2019,33502.75
370,34,1,2020,30487.113
371,34,1,2021,33531.156
372,34,1,2022,35906.613
373,34,1,2023,36854.504
374,34,1,2024,37752.633
375,35,1,2014,10553.563
376,35,1,2015,10785.958
377,35,1,2016,10872.594
378,35,1,2017,11005.459
379,35,1,2018,11192.372
380,35,1,2019,11466.376
381,35,1,2020,11097.15
382,35,1,2021,11825.141
383,35,1,2022,12147.931
384,35,1,2023,12384.948
385,35,1,2024,12640.887
386,36,1,2014,2130.1912
387,36,1,2015,2203.485
388,36,1,2016,2265.5718
389,36,1,2017,2314.158
390,36,1,2018,2344.8694
391,36,1,2019,2418.104
392,36,1,2020,2413.6792
393,36,1,2021,2483.8506
394,36,1,2022,2564.424
395,36,1,2023,2619.4136
396,36,1,2024,2685.6174
397,37,1,2014,50113.035
398,37,1,2015,50871.79
399,37,1,2016,51469.168
400,37,1,2017,52524.293
401,37,1,2018,53620.7
402,37,1,2019,54478.742
403,37,1,2020,52198.977
404,37,1,2021,55348.598
405,37,1,2022,56725.566
406,37,1,2023,57349.35
407,37,1,2024,58151.273
408,38,1,2014,5705.1626
409,38,1,2015,5812.5347
410,38,1,2016,5926.49
411,38,1,2017,6099.6074
412,38,1,2018,6219.28
413,38,1,2019,6264.019
414,38,1,2020,5603.264
415,38,1,2021,6202.981
416,38,1,2022,6352.587
417,38,1,2023,6467.88
418,38,1,2024,6585.8555
419,39,1,2014,30264.95
420,39,1,2015,31485.568
421,39,1,2016,32378.967
422,39,1,2017,33828.715
423,39,1,2018,35798.043
424,39,1,2019,37662.676
425,39,1,2020,36119.52
426,39,1,2021,38887.19
427,39,1,2022,40656.97
428,39,1,2023,40368.59
429,39,1,2024,40702.152
430,40,1,2014,10504.387
431,40,1,2015,10893.662
432,40,1,2016,11319.663
433,40,1,2017,11772.574
434,40,1,2018,12262.231
435,40,1,2019,12757.785
436,40,1,2020,12388.545
437,40,1,2021,12757.074
438,40,1,2022,13334.266
439,40,1,2023,13889.975
440,40,1,2024,14470.4375
441,41,1,2014,65660.18
442,41,1,2015,81053.35
443,41,1,2016,80997.586
444,41,1,2017,87942.445
445,41,1,2018,93214.336
446,41,1,2019,96369.65
447,41,1,2020,101970.81
448,41,1,2021,116903.61
449,41,1,2022,124489.375
450,41,1,2023,115505.336
451,41,1,2024,115337.164
452,42,1,2014,40872.582
453,42,1,2015,40967.37
454,42,1,2016,41963.676
455,42,1,2017,42947.06
456,42,1,2018,43814.297
457,42,1,2019,44580.81
458,42,1,2020,42915.94
459,42,1,2021,46162.082
460,42,1,2022,48098.188
461,42,1,2023,47527.152
462,42,1,2024,47338.844
463,43,1,2014,46825.652
464,43,1,2015,47311.824
465,43,1,2016,47987.84
466,43,1,2017,48849.22
467,43,1,2018,49133.145
468,43,1,2019,49690.63
469,43,1,2020,45505.07
470,43,1,2021,49825.395
471,43,1,2022,52333.33
472,43,1,2023,52725.746
473,43,1,2024,53115.137
474,44,1,2014,42674.7
475,44,1,2015,43386.71
476,44,1,2016,43736.13
477,44,1,2017,44505.277
478,44,1,2018,44848.49
479,44,1,2019,44730.91
480,44,1,2020,42992.48
481,44,1,2021,44355.348
482,44,1,2022,44972.344
483,44,1,2023,45858.66
484,44,1,2024,46097.43
485,45,1,2014,30986.438
486,45,1,2015,30893.76
487,45,1,2016,30758.322
488,45,1,2017,31524.441
489,45,1,2018,32330.227
490,45,1,2019,33298.21
491,45,1,2020,32011.549
492,45,1,2021,32945.85
493,45,1,2022,33506.26
494,45,1,2023,34703.234
495,45,1,2024,35905.44
496,46,1,2014,5513.7544
497,46,1,2015,5600.2144
498,46,1,2016,5715.0103
499,46,1,2017,5861.222
500,46,1,2018,5951.8286
501,46,1,2019,6087.602
502,46,1,2020,5537.7954
503,46,1,2021,5736.479
504,46,1,2022,6139.778
505,46,1,2023,6575.7754
506,46,1,2024,7046.31
507,47,1,2014,6341.2124
508,47,1,2015,6703.741
509,47,1,2016,7063.2554
510,47,1,2017,7432.4595
511,47,1,2018,7775.086
512,47,1,2019,8075.275
513,47,1,2020,7995.595
514,47,1,2021,8080.4355
515,47,1,2022,8183.0327
516,47,1,2023,8372.156
517,47,1,2024,8610.901
518,48,1,2014,29243.742
519,48,1,2015,30599.613
520,48,1,2016,31668.516
521,48,1,2017,33036.39
522,48,1,2018,34729.707
523,48,1,2019,35208.195
524,48,1,2020,34225.9
525,48,1,2021,36912.01
526,48,1,2022,37681.047
527,48,1,2023,38796.55
528,48,1,2024,38936.047
529,49,1,2014,15205.873
530,49,1,2015,14980.0205
531,49,1,2016,15572.361
532,49,1,2017,16128.584
533,49,1,2018,16290.052
534,49,1,2019,15659.566
535,49,1,2020,12507.437
536,49,1,2021,11599.775
537,49,1,2022,11474.751
538,49,1,2023,11330.269
539,49,1,2024,14074.86885
540,50,1,2014,33975.086
541,50,1,2015,35251.297
542,50,1,2016,36618.15
543,50,1,2017,38774.49
544,50,1,2018,41019.79
545,50,1,2019,43062.324
546,50,1,2020,43091.797
547,50,1,2021,45873.527
548,50,1,2022,46651.215
549,50,1,2023,46159.707
550,50,1,2024,47169.008
551,51,1,2014,2383.3347
552,51,1,2015,2394.1177
553,51,1,2016,2389.6448
554,51,1,2017,2390.0938
555,51,1,2018,2395.3025
556,51,1,2019,2406.662
557,51,1,2020,2322.3682
558,51,1,2021,2275.678
559,51,1,2022,2291.6523
560,51,1,2023,2221.1392
561,51,1,2024,2228.079
562,52,1,2014,6234.2397
563,52,1,2015,6523.305
564,52,1,2016,6822.7656
565,52,1,2017,7109.1885
566,52,1,2018,7409.393
567,52,1,2019,7616.2646
568,52,1,2020,7248.349
569,52,1,2021,7652.7197
570,52,1,2022,8042.731
571,52,1,2023,8449.213
572,52,1,2024,8788.578
573,53,1,2014,1620.3579
574,53,1,2015,1627.5806
575,53,1,2016,1648.9122
576,53,1,2017,1669.7277
577,53,1,2018,1678.7863
578,53,1,2019,1707.8315
579,53,1,2020,1545.7272
580,53,1,2021,1577.4325
581,53,1,2022,1602.7136
582,53,1,2023,1629.4609
583,53,1,2024,1657.0497
584,54,1,2014,1597.5648
585,54,1,2015,1597.6914
586,54,1,2016,1593.5955
587,54,1,2017,1613.0593
588,54,1,2018,1638.9166
589,54,1,2019,1687.2894
590,54,1,2020,1656.4398
591,54,1,2021,1687.5936
592,54,1,2022,1659.9594
593,54,1,2023,1648.4365
594,54,1,2024,1635.8569
595,55,1,2014,26818.432
596,55,1,2015,27699.627
597,55,1,2016,28425.371
598,55,1,2017,29551.545
599,55,1,2018,30459.965
600,55,1,2019,31300.508
601,55,1,2020,29200.453
602,55,1,2021,29822.85
603,55,1,2022,32079.152
604,55,1,2023,32812.3
605,55,1,2024,34071.945
606,56,1,2014,21069.766
607,56,1,2015,21408.928
608,56,1,2016,21578.264
609,56,1,2017,21777.523
610,56,1,2018,21997.773
611,56,1,2019,21704.186
612,56,1,2020,19728.482
613,56,1,2021,20782.588
614,56,1,2022,21392.111
615,56,1,2023,21905.178
616,56,1,2024,22033.275
617,57,1,2014,11641.121
618,57,1,2015,11691.08
619,57,1,2016,12377.366
620,57,1,2017,13118.822
621,57,1,2018,13895.504
622,57,1,2019,14621.24
623,57,1,2020,13559.26
624,57,1,2021,15682.07
625,57,1,2022,15358.016
626,57,1,2023,15990.4795
627,57,1,2024,16465.928
628,58,1,2014,13943.428
629,58,1,2015,13974.597
630,58,1,2016,13898.1455
631,58,1,2017,14401.537
632,58,1,2018,15230.241
633,58,1,2019,15790.696
634,58,1,2020,14801.342
635,58,1,2021,14792.251
636,58,1,2022,15310.435
637,58,1,2023,16222.864
638,58,1,2024,16801.307
639,59,1,2014,20475.518
640,59,1,2015,21138.977
641,59,1,2016,21737.994
642,59,1,2017,22740.387
643,59,1,2018,23877.725
644,59,1,2019,24835.375
645,59,1,2020,21039.322
646,59,1,2021,23842.062
647,59,1,2022,25429.025
648,59,1,2023,27043.328
649,59,1,2024,27852.041
650,60,1,2014,7951.7983
651,60,1,2015,8198.809
652,60,1,2016,8141.9404
653,60,1,2017,8450.009
654,60,1,2018,8611.75
655,60,1,2019,8768.176
656,60,1,2020,8054.563
657,60,1,2021,8623.266
658,60,1,2022,8666.079
659,60,1,2023,8868.712
660,60,1,2024,9065.914
661,61,1,2014,3621.7317
662,61,1,2015,3745.2617
663,61,1,2016,3743.7446
664,61,1,2017,4071.7043
665,61,1,2018,4371.3857
666,61,1,2019,4607.5244
667,61,1,2020,4412.542
668,61,1,2021,4546.2295
669,61,1,2022,4763.3877
670,61,1,2023,4861.2305
671,61,1,2024,5046.816
672,62,1,2014,62045.855
673,62,1,2015,63081.395
674,62,1,2016,64267.74
675,62,1,2017,65666.0
676,62,1,2018,66758.266
677,62,1,2019,67847.85
678,62,1,2020,64862.19
679,62,1,2021,68573.56
680,62,1,2022,71324.04
681,62,1,2023,70673.97
682,62,1,2024,70901.836
683,63,1,2014,44255.504
684,63,1,2015,44963.832
685,63,1,2016,45626.684
686,63,1,2017,46193.29
687,63,1,2018,46947.938
688,63,1,2019,47277.664
689,63,1,2020,46104.605
690,63,1,2021,47996.68
691,63,1,2022,49618.523
692,63,1,2023,49083.508
693,63,1,2024,48162.86
694,64,1,2014,5980.192
695,64,1,2015,5985.094
696,64,1,2016,5744.558
697,64,1,2017,5651.7344
698,64,1,2018,5628.7407
699,64,1,2019,5628.1777
700,64,1,2020,5410.6934
701,64,1,2021,5491.7
702,64,1,2022,5552.838
703,64,1,2023,5593.0566
704,64,1,2024,5665.4517
705,65,1,2014,18451.19
706,65,1,2015,19214.016
707,65,1,2016,19824.68
708,65,1,2017,20119.943
709,65,1,2018,20804.775
710,65,1,2019,21765.686
711,65,1,2020,20970.287
712,65,1,2021,22142.973
713,65,1,2022,22820.977
714,65,1,2023,23343.602
715,65,1,2024,24463.984
716,66,1,2014,84830.26
717,66,1,2015,85550.3
718,66,1,2016,85787.62
719,66,1,2017,87194.11
720,66,1,2018,87338.47
721,66,1,2019,87725.73
722,66,1,2020,86096.055
723,66,1,2021,88984.14
724,66,1,2022,91051.086
725,66,1,2023,90085.555
726,66,1,2024,91108.234
727,67,1,2014,4520.235
728,67,1,2015,4645.286
729,67,1,2016,4886.6123
730,67,1,2017,5031.5605
731,67,1,2018,5255.0635
732,67,1,2019,5295.953
733,67,1,2020,5135.0146
734,67,1,2021,5367.2734
735,67,1,2022,5526.2793
736,67,1,2023,5439.1797
737,67,1,2024,5530.996
738,68,1,2014,14219.3545
739,68,1,2015,14427.601
740,68,1,2016,14826.664
741,68,1,2017,15320.337
742,68,1,2018,15592.984
743,68,1,2019,15321.324
744,68,1,2020,14991.66
745,68,1,2021,15406.167
746,68,1,2022,15259.1455
747,68,1,2023,15826.088
748,68,1,2024,16296.283
749,69,1,2014,14244.566
750,69,1,2015,14542.793
751,69,1,2016,14917.449
752,69,1,2017,15069.522
753,69,1,2018,15386.26
754,69,1,2019,15463.543
755,69,1,2020,13609.6
756,69,1,2021,15280.551
757,69,1,2022,15559.821
758,69,1,2023,15327.582
759,69,1,2024,15661.75
760,70,1,2014,7340.362
761,70,1,2015,7691.763
762,70,1,2016,8131.825
763,70,1,2017,8584.136
764,70,1,2018,9016.286
765,70,1,2019,9452.294
766,70,1,2020,8455.185
767,70,1,2021,8857.79
768,70,1,2022,9457.104
769,70,1,2023,9898.533
770,70,1,2024,10375.94
771,71,1,2014,30334.879
772,71,1,2015,31700.37
773,71,1,2016,32675.305
774,71,1,2017,34354.598
775,71,1,2018,36500.41
776,71,1,2019,38181.62
777,71,1,2020,37852.8
778,71,1,2021,41059.586
779,71,1,2022,43405.023
780,71,1,2023,43672.766
781,71,1,2024,45112.598
782,72,1,2014,35097.41
783,72,1,2015,35803.355
784,72,1,2016,36636.297
785,72,1,2017,37943.113
786,72,1,2018,39123.613
787,72,1,2019,40188.285
788,72,1,2020,36852.227
789,72,1,2021,38657.668
790,72,1,2022,41070.86
791,72,1,2023,41571.02
792,72,1,2024,41883.85
793,73,1,2014,28153.107
794,73,1,2015,29178.744
795,73,1,2016,30185.906
796,73,1,2017,32849.11
797,73,1,2018,35065.18
798,73,1,2019,36633.363
799,73,1,2020,35482.195
800,73,1,2021,37730.37
801,73,1,2022,39377.973
802,73,1,2023,40301.5
803,73,1,2024,40608.418
804,74,1,2014,35853.246
805,74,1,2015,35037.152
806,74,1,2016,35005.45
807,74,1,2017,35570.39
808,74,1,2018,36536.695
809,74,1,2019,37319.32
810,74,1,2020,36376.336
811,74,1,2021,38638.43
812,74,1,2022,38214.496
813,74,1,2023,39887.34
814,74,1,2024,41704.71
815,75,1,2014,17921.436
816,75,1,2015,18246.79
817,75,1,2016,18888.326
818,75,1,2017,19437.904
819,75,1,2018,20453.082
820,75,1,2019,21539.922
821,75,1,2020,21477.877
822,75,1,2021,23404.998
823,75,1,2022,24633.07
824,75,1,2023,25740.203
825,75,1,2024,26884.463
826,76,1,2014,2815.0586
827,76,1,2015,2630.535
828,76,1,2016,2734.719
829,76,1,2017,2755.9043
830,76,1,2018,2769.8696
831,76,1,2019,2855.229
832,76,1,2020,2755.1025
833,76,1,2021,2851.9521
834,76,1,2022,2937.3735
835,76,1,2023,3037.6765
836,76,1,2024,3092.8306
837,77,1,2014,37664.652
838,77,1,2015,38537.094
839,77,1,2016,39677.418
840,77,1,2017,41703.305
841,77,1,2018,43371.98
842,77,1,2019,44580.777
843,77,1,2020,42474.227
844,77,1,2021,45914.06
845,77,1,2022,47064.152
846,77,1,2023,47868.387
847,77,1,2024,48495.89
848,78,1,2014,41518.094
849,78,1,2015,42459.902
850,78,1,2016,43538.02
851,78,1,2017,44787.65
852,78,1,2018,45890.43
853,78,1,2019,46757.26
854,78,1,2020,46361.598
855,78,1,2021,48419.645
856,78,1,2022,49777.93
857,78,1,2023,50414.207
858,78,1,2024,45992.4736
859,79,1,2014,41339.41
860,79,1,2015,43053.76
861,79,1,2016,44274.668
862,79,1,2017,45446.25
863,79,1,2018,46325.21
864,79,1,2019,46896.418
865,79,1,2020,41553.45
866,79,1,2021,44251.664
867,79,1,2022,46649.562
868,79,1,2023,47341.17
869,79,1,2024,48373.047
870,80,1,2014,12909.966
871,80,1,2015,13329.779
872,80,1,2016,13845.614
873,80,1,2017,14572.485
874,80,1,2018,14759.825
875,80,1,2019,14637.444
876,80,1,2020,13886.651
877,80,1,2021,14316.135
878,80,1,2022,13249.065
879,80,1,2023,13024.94
880,80,1,2024,13752.837
881,81,1,2014,24414.355
882,81,1,2015,23327.525
883,81,1,2016,21950.412
884,81,1,2017,22070.514
885,81,1,2018,22938.535
886,81,1,2019,22966.74
887,81,1,2020,19091.361
888,81,1,2021,18458.234
889,81,1,2022,18742.588
890,81,1,2023,19043.705
891,81,1,2024,19413.297
892,82,1,2014,57085.387
893,82,1,2015,58975.977
894,82,1,2016,59608.086
895,82,1,2017,59883.668
896,82,1,2018,60318.46
897,82,1,2019,61232.484
898,82,1,2020,59572.477
899,82,1,2021,62731.7
900,82,1,2022,63215.438
901,82,1,2023,62845.484
902,82,1,2024,63258.906
903,83,1,2014,76189.6
904,83,1,2015,76566.08
905,83,1,2016,77301.21
906,83,1,2017,77626.91
907,83,1,2018,79261.36
908,83,1,2019,79596.7
909,83,1,2020,77324.89
910,83,1,2021,81001.414
911,83,1,2022,82777.3
912,83,1,2023,82302.05
913,83,1,2024,82026.41
914,84,1,2014,3027.569
915,84,1,2015,3111.4446
916,84,1,2016,3214.2468
917,84,1,2017,3319.3767
918,84,1,2018,3392.6887
919,84,1,2019,3484.6326
920,84,1,2020,3449.8215
921,84,1,2021,3493.083
922,84,1,2022,3546.981
923,84,1,2023,3620.7935
924,84,1,2024,3713.263
925,85,1,2014,12823.989
926,85,1,2015,12802.761
927,85,1,2016,12803.874
928,85,1,2017,12953.523
929,85,1,2018,13163.591
930,85,1,2019,13249.224
931,85,1,2020,11955.566
932,85,1,2021,12444.326
933,85,1,2022,12702.453
934,85,1,2023,12622.96
935,85,1,2024,12713.55
936,86,1,2014,2470.504
937,86,1,2015,2520.02
938,86,1,2016,2554.2278
939,86,1,2017,2543.8477
940,86,1,2018,2613.88
941,86,1,2019,2689.4102
942,86,1,2020,2678.009
943,86,1,2021,2684.9204
944,86,1,2022,2724.906
945,86,1,2023,2791.0557
946,86,1,2024,2881.866
947,87,1,2014,16978.812
948,87,1,2015,15403.71
949,87,1,2016,15856.8125
950,87,1,2017,16310.36
951,87,1,2018,16978.984
952,87,1,2019,17636.555
953,87,1,2020,17092.54
954,87,1,2021,17846.408
955,87,1,2022,13787.121
956,87,1,2023,15916.958
957,87,1,2024,16319.845
958,88,1,2014,49250.56
959,88,1,2015,49983.348
960,88,1,2016,50540.88
961,88,1,2017,51601.14
962,88,1,2018,52071.27
963,88,1,2019,52645.543
964,88,1,2020,47144.723
965,88,1,2021,51004.426
966,88,1,2022,52982.176
967,88,1,2023,52502.914
968,88,1,2024,52517.984
969,89,1,2014,63018.805
970,89,1,2015,64359.473
971,89,1,2016,65017.656
972,89,1,2017,66155.555
973,89,1,2018,67719.766
974,89,1,2019,69112.6
975,89,1,2020,67342.07
976,89,1,2021,71307.4
977,89,1,2022,72679.26
978,89,1,2023,74158.72
979,89,1,2024,75491.61
980,90,1,2014,15446.363
981,90,1,2015,15937.895
982,90,1,2016,16503.428
983,90,1,2017,17199.842
984,90,1,2018,17868.936
985,90,1,2019,18448.043
986,90,1,2020,18191.07
987,90,1,2021,19451.951
988,90,1,2022,20030.756
989,90,1,2023,20882.412
990,90,1,2024,21658.621
991,91,1,2014,8751.883
992,91,1,2015,9248.024
993,91,1,2016,9743.188
994,91,1,2017,10290.549
995,91,1,2018,10936.894
996,91,1,2019,11628.614
997,91,1,2020,11851.396
998,91,1,2021,12048.902
999,91,1,2022,12979.764
1000,91,1,2023,13545.935
1001,91,1,2024,14415.216
1002,92,1,2014,17379.877
1003,92,1,2015,17746.664
1004,92,1,2016,18110.506
1005,92,1,2017,18588.984
1006,92,1,2018,19062.96
1007,92,1,2019,19424.516
1008,92,1,2020,18698.06
1009,92,1,2021,19751.975
1010,92,1,2022,20281.531
1011,92,1,2023,20785.27
1012,92,1,2024,21267.674
1013,93,1,2014,3352.3813
1014,93,1,2015,3366.6338
1015,93,1,2016,3345.315
1016,93,1,2017,3453.5059
1017,93,1,2018,3572.9814
1018,93,1,2019,3294.804
1019,93,1,2020,2987.2683
1020,93,1,2021,3184.7847
1021,93,1,2022,3323.1184
1022,93,1,2023,3442.2488
1023,93,1,2024,3450.1296
1024,1,2,2014,1.6258651
1025,1,2,2015,1.8961741
1026,1,2,2016,1.2754316
1027,1,2,2017,1.9866613
1028,1,2,2018,2.0280597
1029,1,2,2019,1.4110907
1030,1,2,2020,1.6208866
1031,1,2,2021,2.0414717
1032,1,2,2022,6.7252026
1033,1,2,2023,4.759764
1034,1,2,2024,2.2144895
1035,2,2,2014,2.9169269
1036,2,2,2015,4.784447
1037,2,2,2016,6.3976946
1038,2,2,2017,5.591116
1039,2,2,2018,4.26999
1040,2,2,2019,1.9517682
1041,2,2,2020,2.4151309
1042,2,2,2021,7.2260633
1043,2,2,2022,9.265515
1044,2,2,2023,9.322174
1045,2,2,2024,4.0461144
1046,3,2,2014,1.6058118
1047,3,2,2015,0.89656335
1048,3,2,2016,0.8915917
1049,3,2,2017,2.081269
1050,3,2,2018,1.9983798
1051,3,2,2019,1.5308956
1052,3,2,2020,1.3819107
1053,3,2,2021,2.7666667
1054,3,2,2022,8.54687
1055,3,2,2023,7.814134
1056,3,2,2024,2.9379158
1057,4,2,2014,1.3734418
1058,4,2,2015,4.0276856
1059,4,2,2016,12.443375
1060,4,2,2017,12.935919
1061,4,2,2018,2.2685468
1062,4,2,2019,2.6105719
1063,4,2,2020,2.7598095
1064,4,2,2021,6.650299
1065,4,2,2022,13.852259
1066,4,2,2023,8.785431
1067,4,2,2024,2.2121718
1068,5,2,2014,6.9916387
1069,5,2,2015,6.19428
1070,5,2,2016,5.513526
1071,5,2,2017,5.70207
1072,5,2,2018,5.5436215
1073,5,2,2019,5.591996
1074,5,2,2020,5.691075
1075,5,2,2021,5.5456543
1076,5,2,2022,7.6969543
1077,5,2,2023,9.883503
1078,5,2,2024,10.465748
1079,6,2,2014,18.119555
1080,6,2,2015,13.53449
1081,6,2,2016,11.836581
1082,6,2,2017,6.0318375
1083,6,2,2018,4.872302
1084,6,2,2019,5.598156
1085,6,2,2020,5.5481434
1086,6,2,2021,9.460284
1087,6,2,2022,15.209675
1088,6,2,2023,5.000599
1089,6,2,2024,5.7853193
1090,7,2,2014,0.34000283
1091,7,2,2015,0.56142914
1092,7,2,2016,1.9738526
1093,7,2,2017,2.1259708
1094,7,2,2018,2.053165
1095,7,2,2019,1.4368196
1096,7,2,2020,0.7407918
1097,7,2,2021,2.4402485
1098,7,2,2022,9.597511
1099,7,2,2023,4.0490108
1100,7,2,2024,3.1434913
1101,8,2,2014,8.271061
1102,8,2,2015,4.548144
1103,8,2,2016,3.2198868
1104,8,2,2017,4.955084
1105,8,2,2018,2.723964
1106,8,2,2019,2.7264304
1107,8,2,2020,5.6293654
1108,8,2,2021,7.3468146
1109,8,2,2022,5.639167
1110,8,2,2023,4.2293444
1111,8,2,2024,2.7613156
1112,9,2,2014,-0.897194
1113,9,2,2015,-1.036023
1114,9,2,2016,-1.5841
1115,9,2,2017,0.81013334
1116,9,2,2018,1.4171082
1117,9,2,2019,0.56278217
1118,9,2,2020,-1.051296
1119,9,2,2021,1.981639
1120,9,2,2022,14.020844
1121,9,2,2023,6.1059012
1122,9,2,2024,1.6921273
1123,10,2,2014,6.32904
1124,10,2,2015,9.029901
1125,10,2,2016,8.739143
1126,10,2,2017,3.4463735
1127,10,2,2018,3.6648502
1128,10,2,2019,3.7329762
1129,10,2,2020,3.2117682
1130,10,2,2021,8.30166
1131,10,2,2022,9.280107
1132,10,2,2023,4.5935626
1133,10,2,2024,4.367464
1134,11,2,2014,-1.4181838
1135,11,2,2015,-0.104633264
1136,11,2,2016,-0.7986499
1137,11,2,2017,2.0615962
1138,11,2,2018,2.8145447
1139,11,2,2019,3.1037295
1140,11,2,2020,1.672441
1141,11,2,2021,3.2977443
1142,11,2,2022,15.325259
1143,11,2,2023,9.442842
1144,11,2,2024,2.4465194
1145,12,2,2014,3.8556886
1146,12,2,2015,1.2239319
1147,12,2,2016,3.0191398
1148,12,2,2017,2.9126356
1149,12,2,2018,2.4590852
1150,12,2,2019,1.942575
1151,12,2,2020,2.9402952
1152,12,2,2021,2.920735
1153,12,2,2022,5.343703
1154,12,2,2023,2.1274679
1155,12,2,2024,2.87452572
1156,13,2,2014,1.9066359
1157,13,2,2015,1.1252414
1158,13,2,2016,1.4287596
1159,13,2,2017,1.5968841
1160,13,2,2018,2.2682257
1161,13,2,2019,1.949269
1162,13,2,2020,0.71699965
1163,13,2,2021,3.395193
1164,13,2,2022,6.802801
1165,13,2,2023,3.8790016
1166,13,2,2024,2.381584
1167,14,2,2014,14.8986845
1168,14,2,2015,1.4029702
1169,14,2,2016,4.9454327
1170,14,2,2017,4.180723
1171,14,2,2018,1.6121569
1172,14,2,2019,2.6853735
1173,14,2,2020,1.7101566
1174,14,2,2021,4.259364
1175,14,2,2022,5.5831676
1176,14,2,2023,2.9791386
1177,14,2,2024,4.425716759999999
1178,15,2,2014,1.6819731
1179,15,2,2015,4.3771267
1180,15,2,2016,-0.79244053
1181,15,2,2017,-1.5370996
1182,15,2,2018,4.274622
1183,15,2,2019,-0.97193915
1184,15,2,2020,4.464144
1185,15,2,2021,-0.7728444
1186,15,2,2022,5.788027
1187,15,2,2023,10.836357
1188,15,2,2024,8.8995075
1189,16,2,2014,4.718675
1190,16,2,2015,4.3487735
1191,16,2,2016,3.7861936
1192,16,2,2017,2.1827185
1193,16,2,2018,2.4348898
1194,16,2,2019,2.5575447
1195,16,2,2020,3.0454907
1196,16,2,2021,4.5245686
1197,16,2,2022,11.643867
1198,16,2,2023,7.5816827
1199,16,2,2024,4.297639
1200,17,2,2014,2.8988378
1201,17,2,2015,4.989831
1202,17,2,2016,7.51346
1203,17,2,2017,4.3143134
1204,17,2,2018,3.2405694
1205,17,2,2019,3.5230193
1206,17,2,2020,2.526635
1207,17,2,2021,3.4950576
1208,17,2,2022,10.177232
1209,17,2,2023,11.735905
1210,17,2,2024,6.609086
1211,18,2,2014,0.91213953
1212,18,2,2015,3.169098
1213,18,2,2016,3.1905618
1214,18,2,2017,0.45006382
1215,18,2,2018,1.152779
1216,18,2,2019,2.206073
1217,18,2,2020,1.7953714
1218,18,2,2021,1.7156428
1219,18,2,2022,3.0434434
1220,18,2,2023,4.3017454
1221,18,2,2024,3.0914364
1222,19,2,2014,4.519201
1223,19,2,2015,0.801982
1224,19,2,2016,-0.01747885
1225,19,2,2017,1.625907
1226,19,2,2018,2.2211146
1227,19,2,2019,2.0960464
1228,19,2,2020,0.72491145
1229,19,2,2021,1.7264775
1230,19,2,2022,8.274775
1231,19,2,2023,0.5251935
1232,19,2,2024,-0.41345933
1233,20,2,2014,0.44868207
1234,20,2,2015,1.2514995
1235,20,2,2016,0.72317845
1236,20,2,2017,0.6858811
1237,20,2,2018,0.35940903
1238,20,2,2019,-1.1068635
1239,20,2,2020,2.4250066
1240,20,2,2021,4.091952
1241,20,2,2022,5.2761674
1242,20,2,2023,4.387117
1243,20,2,2024,3.4663732
1244,21,2,2014,-1.3549888
1245,21,2,2015,-2.0969977
1246,21,2,2016,-1.4291667
1247,21,2,2017,0.5317665
1248,21,2,2018,1.4354912
1249,21,2,2019,0.250371
1250,21,2,2020,-0.6384228
1251,21,2,2021,2.4460888
1252,21,2,2022,8.395483
1253,21,2,2023,3.5413418
1254,21,2,2024,1.8002301
1255,22,2,2014,0.3439886
1256,22,2,2015,0.30936456
1257,22,2,2016,0.6835042
1258,22,2,2017,2.4505339
1259,22,2,2018,2.149495
1260,22,2,2019,2.847876
1261,22,2,2020,3.1612952
1262,22,2,2021,3.839845
1263,22,2,2022,15.100165
1264,22,2,2023,10.661261
1265,22,2,2024,2.435312
1266,23,2,2014,0.5640205
1267,23,2,2015,0.45203415
1268,23,2,2016,0.25
1269,23,2,2017,1.1471322
1270,23,2,2018,0.8136095
1271,23,2,2019,0.75813156
1272,23,2,2020,0.42071196
1273,23,2,2021,1.8530455
1274,23,2,2022,7.696567
1275,23,2,2023,3.3051782
1276,23,2,2024,1.3722005
1277,24,2,2014,2.9986422
1278,24,2,2015,0.83674634
1279,24,2,2016,1.614166
1280,24,2,2017,3.279557
1281,24,2,2018,3.5644343
1282,24,2,2019,1.8106037
1283,24,2,2020,3.7810318
1284,24,2,2021,8.243004
1285,24,2,2022,8.811092
1286,24,2,2023,4.7856126
1287,24,2,2024,3.3022335
1288,25,2,2014,3.58922
1289,25,2,2015,3.9666462
1290,25,2,2016,1.7282647
1291,25,2,2017,0.4173356
1292,25,2,2018,-0.22410324
1293,25,2,2019,0.26601252
1294,25,2,2020,-0.3388724
1295,25,2,2021,0.13325138
1296,25,2,2022,3.4661698
1297,25,2,2023,2.2156878
1298,25,2,2024,1.5473251
1299,26,2,2014,-0.10617515
1300,26,2,2015,-0.49232602
1301,26,2,2016,0.1486849
1302,26,2,2017,3.4172356
1303,26,2,2018,3.436327
1304,26,2,2019,2.2772593
1305,26,2,2020,-0.44453108
1306,26,2,2021,4.653167
1307,26,2,2022,19.398264
1308,26,2,2023,9.159225
1309,26,2,2024,3.5205605
1310,27,2,2014,6.8900194
1311,27,2,2015,9.568899
1312,27,2,2016,6.6281333
1313,27,2,2017,10.687115
1314,27,2,2018,13.833035
1315,27,2,2019,15.809632
1316,27,2,2020,20.356346
1317,27,2,2021,26.839521
1318,27,2,2022,33.88988
1319,27,2,2023,30.218828
1320,27,2,2024,21.037746
1321,28,2,2014,0.5193065
1322,28,2,2015,1.3748854
1323,28,2,2016,3.8632255
1324,28,2,2017,3.3475783
1325,28,2,2018,4.081476
1326,28,2,2019,1.7731018
1327,28,2,2020,-2.5952432
1328,28,2,2021,0.15585572
1329,28,2,2022,4.3201184
1330,28,2,2023,2.344083
1331,28,2,2024,4.5113826
1332,29,2,2014,1.0411962
1333,29,2,2015,-0.20792884
1334,29,2,2016,0.3566845
1335,29,2,2017,0.754015
1336,29,2,2018,1.0838209
1337,29,2,2019,1.024094
1338,29,2,2020,0.29055455
1339,29,2,2021,2.1945744
1340,29,2,2022,7.1235075
1341,29,2,2023,6.2506433
1342,29,2,2024,1.5656891
1343,30,2,2014,0.5077588
1344,30,2,2015,0.03751438
1345,30,2,2016,0.18333486
1346,30,2,2017,1.0322827
1347,30,2,2018,1.850815
1348,30,2,2019,1.1082549
1349,30,2,2020,0.47649884
1350,30,2,2021,1.6423314
1351,30,2,2022,5.2223673
1352,30,2,2023,4.8783574
1353,30,2,2024,1.9990494
1354,31,2,2014,3.0688121
1355,31,2,2015,4.003578
1356,31,2,2016,2.134927
1357,31,2,2017,6.0353174
1358,31,2,2018,2.6152446
1359,31,2,2019,4.852898
1360,31,2,2020,5.202465
1361,31,2,2021,9.566915
1362,31,2,2022,11.898166
1363,31,2,2023,2.4877605
1364,31,2,2024,1.1097176
1365,32,2,2014,0.906794
1366,32,2,2015,0.5144261
1367,32,2,2016,0.49174702
1368,32,2,2017,1.5094949
1369,32,2,2018,1.7321688
1370,32,2,2019,1.4456598
1371,32,2,2020,0.14487793
1372,32,2,2021,3.0666666
1373,32,2,2022,6.8725743
1374,32,2,2023,5.946437
1375,32,2,2024,2.256498
1376,33,2,2014,15.489616
1377,33,2,2015,17.14997
1378,33,2,2016,17.454636
1379,33,2,2017,12.371922
1380,33,2,2018,7.808765
1381,33,2,2019,7.14364
1382,33,2,2020,9.88729
1383,33,2,2021,9.971088
1384,33,2,2022,31.255896
1385,33,2,2023,38.106964
1386,33,2,2024,22.848328
1387,34,2,2014,-1.312261
1388,34,2,2015,-1.735888
1389,34,2,2016,-0.825654
1390,34,2,2017,1.1212546
1391,34,2,2018,0.62562144
1392,34,2,2019,0.25300753
1393,34,2,2020,-1.2479836
1394,34,2,2021,1.223825
1395,34,2,2022,9.64526
1396,34,2,2023,3.4648013
1397,34,2,2024,2.7414904
1398,35,2,2014,3.4183617
1399,35,2,2015,2.3887203
1400,35,2,2016,4.448442
1401,35,2,2017,4.4245367
1402,35,2,2018,3.7518618
1403,35,2,2019,3.699984
1404,35,2,2020,3.2144406
1405,35,2,2021,4.261051
1406,35,2,2022,6.885128
1407,35,2,2023,6.206576
1408,35,2,2024,2.8699276
1409,36,2,2014,-1.5092446
1410,36,2,2015,1.4767205
1411,36,2,2016,1.5031205
1412,36,2,2017,1.6911147
1413,36,2,2018,0.3813247
1414,36,2,2019,0.24660027
1415,36,2,2020,1.1400094
1416,36,2,2021,2.2424889
1417,36,2,2022,9.390759
1418,36,2,2023,7.102209
1419,36,2,2024,3.7655582
1420,37,2,2014,1.0411962
1421,37,2,2015,0.33002716
1422,37,2,2016,0.3947693
1423,37,2,2017,1.5890942
1424,37,2,2018,1.881108
1425,37,2,2019,1.6151999
1426,37,2,2020,0.5989863
1427,37,2,2021,2.518371
1428,37,2,2022,7.3516517
1429,37,2,2023,4.8337235
1430,37,2,2024,2.3855476
1431,38,2,2014,6.129249
1432,38,2,2015,3.1578312
1433,38,2,2016,2.7246122
1434,38,2,2017,3.9343607
1435,38,2,2018,4.347349
1436,38,2,2019,4.3658714
1437,38,2,2020,3.4684117
1438,38,2,2021,4.48088
1439,38,2,2022,9.089639
1440,38,2,2023,6.663252
1441,38,2,2024,4.606211
1442,39,2,2014,-0.22756627
1443,39,2,2015,-0.06164468
1444,39,2,2016,0.3947693
1445,39,2,2017,2.3482428
1446,39,2,2018,2.8502479
1447,39,2,2019,3.3385863
1448,39,2,2020,3.3267438
1449,39,2,2021,5.1109653
1450,39,2,2022,14.608144
1451,39,2,2023,17.124966
1452,39,2,2024,3.7037036
1453,40,2,2014,6.3949256
1454,40,2,2015,6.363121
1455,40,2,2016,3.5258052
1456,40,2,2017,3.808798
1457,40,2,2018,3.1983464
1458,40,2,2019,3.0305867
1459,40,2,2020,1.920968
1460,40,2,2021,1.5601299
1461,40,2,2022,4.2094636
1462,40,2,2023,3.6701314
1463,40,2,2024,3.768227580000001
1464,41,2,2014,0.1909164
1465,41,2,2015,-0.3309598
1466,41,2,2016,0.020124774
1467,41,2,2017,0.36217305
1468,41,2,2018,0.4711307
1469,41,2,2019,0.93784297
1470,41,2,2020,-0.32618365
1471,41,2,2021,2.340341
1472,41,2,2022,7.8294573
1473,41,2,2023,6.2994246
1474,41,2,2024,2.11345
1475,42,2,2014,0.47978675
1476,42,2,2015,-0.601291
1477,42,2,2016,-0.55155236
1478,42,2,2017,0.25941497
1479,42,2,2018,0.79407567
1480,42,2,2019,0.8497831
1481,42,2,2020,-0.61441237
1482,42,2,2021,1.53022
1483,42,2,2022,4.4099784
1484,42,2,2023,4.2058167
1485,42,2,2024,3.057106
1486,43,2,2014,0.24104743
1487,43,2,2015,0.0387904
1488,43,2,2016,-0.09401666
1489,43,2,2017,1.2265332
1490,43,2,2018,1.1374876
1491,43,2,2019,0.61124694
1492,43,2,2020,-0.13770758
1493,43,2,2021,1.8737832
1494,43,2,2022,8.20129
1495,43,2,2023,5.6221943
1496,43,2,2024,0.982373
1497,44,2,2014,2.7592268
1498,44,2,2015,0.7952796
1499,44,2,2016,-0.12725884
1500,44,2,2017,0.4841998
1501,44,2,2018,0.9890946
1502,44,2,2019,0.46877617
1503,44,2,2020,-0.024995834
1504,44,2,2021,-0.23335278
1505,44,2,2022,2.4977028
1506,44,2,2023,3.2681336
1507,44,2,2024,2.7385368
1508,45,2,2014,6.8494496
1509,45,2,2015,6.678286
1510,45,2,2016,14.361094
1511,45,2,2017,7.442663
1512,45,2,2018,6.1636624
1513,45,2,2019,5.333561
1514,45,2,2020,6.7181544
1515,45,2,2021,8.0414715
1516,45,2,2022,15.027864
1517,45,2,2023,14.72499
1518,45,2,2024,8.839439
1519,46,2,2014,7.5342474
1520,46,2,2015,6.5033183
1521,46,2,2016,0.3888383
1522,46,2,2017,3.17531
1523,46,2,2018,1.5426614
1524,46,2,2019,1.1336225
1525,46,2,2020,6.325423
1526,46,2,2021,11.90504
1527,46,2,2022,13.92291
1528,46,2,2023,10.753277
1529,46,2,2024,6.31846479
1530,47,2,2014,4.129243
1531,47,2,2015,1.2773542
1532,47,2,2016,1.5969123
1533,47,2,2017,0.8254786
1534,47,2,2018,2.0403926
1535,47,2,2019,3.3225589
1536,47,2,2020,5.1040726
1537,47,2,2021,3.7556205
1538,47,2,2022,22.956223
1539,47,2,2023,31.230135
1540,47,2,2024,23.13057
1541,48,2,2014,0.6204906
1542,48,2,2015,0.17424224
1543,48,2,2016,0.14063333
1544,48,2,2017,2.9303632
1545,48,2,2018,2.5344543
1546,48,2,2019,2.8114092
1547,48,2,2020,0.2190649
1548,48,2,2021,3.2758293
1549,48,2,2022,17.310284
1550,48,2,2023,8.938046
1551,48,2,2024,1.2657988
1552,49,2,2014,1.8546042
1553,49,2,2015,-3.7491453
1554,49,2,2016,-0.78335965
1555,49,2,2017,4.321352
1556,49,2,2018,6.076989
1557,49,2,2019,3.0053895
1558,49,2,2020,84.864334
1559,49,2,2021,154.7561
1560,49,2,2022,171.20549
1561,49,2,2023,221.34164
1562,49,2,2024,45.243042
1563,50,2,2014,0.10375801
1564,50,2,2015,-0.8840974
1565,50,2,2016,0.9055251
1566,50,2,2017,3.7228887
1567,50,2,2018,2.6979277
1568,50,2,2019,2.3345094
1569,50,2,2020,1.1998944
1570,50,2,2021,4.683544
1571,50,2,2022,19.705046
1572,50,2,2023,9.11732
1573,50,2,2024,0.71573585
1574,51,2,2014,3.7405295
1575,51,2,2015,4.3771267
1576,51,2,2016,5.706375
1577,51,2,2017,8.156863
1578,51,2,2018,2.791808
1579,51,2,2019,2.8351455
1580,51,2,2020,4.464144
1581,51,2,2021,5.1332035
1582,51,2,2022,9.621476
1583,51,2,2023,7.114592
1584,51,2,2024,4.1911345
1585,52,2,2014,5.1659026
1586,52,2,2015,3.3940153
1587,52,2,2016,3.523173
1588,52,2,2017,3.738884
1589,52,2,2018,4.1763773
1590,52,2,2019,3.3934197
1591,52,2,2020,4.9248853
1592,52,2,2021,4.31528
1593,52,2,2022,7.6553273
1594,52,2,2023,7.2487864
1595,52,2,2024,4.6154747
1596,53,2,2014,6.080408
1597,53,2,2015,7.404192
1598,53,2,2016,6.0357585
1599,53,2,2017,8.609051
1600,53,2,2018,8.59423
1601,53,2,2019,5.6105146
1602,53,2,2020,4.201793
1603,53,2,2021,5.812251
1604,53,2,2022,8.16059
1605,53,2,2023,9.874327
1606,53,2,2024,7.03831151
1607,54,2,2014,23.792065
1608,54,2,2015,21.867348
1609,54,2,2016,21.711113
1610,54,2,2017,11.543394
1611,54,2,2018,12.420178
1612,54,2,2019,9.370836
1613,54,2,2020,8.625515
1614,54,2,2021,9.330144
1615,54,2,2022,20.95397
1616,54,2,2023,28.789743
1617,54,2,2024,32.17965
1618,55,2,2014,3.1429906
1619,55,2,2015,2.10439
1620,55,2,2016,2.0905666
1621,55,2,2017,3.8712013
1622,55,2,2018,0.8847092
1623,55,2,2019,0.66289186
1624,55,2,2020,-1.1387022
1625,55,2,2021,2.4771025
1626,55,2,2022,3.3786986
1627,55,2,2023,2.4888656
1628,55,2,2024,1.8341002
1629,56,2,2014,4.018616
1630,56,2,2015,2.7206407
1631,56,2,2016,2.821708
1632,56,2,2017,6.041457
1633,56,2,2018,4.89935
1634,56,2,2019,3.6359615
1635,56,2,2020,3.3968341
1636,56,2,2021,5.6892085
1637,56,2,2022,7.896276
1638,56,2,2023,5.527961
1639,56,2,2024,4.7222557
1640,57,2,2014,5.0887856
1641,57,2,2015,9.67624
1642,57,2,2016,6.359309
1643,57,2,2017,6.57023
1644,57,2,2018,3.045054
1645,57,2,2019,4.8377833
1646,57,2,2020,3.7659712
1647,57,2,2021,5.1064115
1648,57,2,2022,28.737297
1649,57,2,2023,13.41701
1650,57,2,2024,4.6777353
1651,58,2,2014,12.253981
1652,58,2,2015,5.735683
1653,58,2,2016,0.73327225
1654,58,2,2017,4.301431
1655,58,2,2018,6.824248
1656,58,2,2019,7.3010697
1657,58,2,2020,3.7960403
1658,58,2,2021,7.3528123
1659,58,2,2022,15.147956
1660,58,2,2023,10.347583
1661,58,2,2024,6.802849
1662,59,2,2014,-0.71051407
1663,59,2,2015,1.5486916
1664,59,2,2016,-0.271385
1665,59,2,2017,2.380236
1666,59,2,2018,2.6112237
1667,59,2,2019,0.3615637
1668,59,2,2020,-0.2556557
1669,59,2,2021,2.410802
1670,59,2,2022,13.040303
1671,59,2,2023,8.584769
1672,59,2,2024,3.33675
1673,60,2,2014,0.44231007
1674,60,2,2015,1.5579071
1675,60,2,2016,1.6353111
1676,60,2,2017,0.7546632
1677,60,2,2018,1.8039167
1678,60,2,2019,0.30338603
1679,60,2,2020,0.7059687
1680,60,2,2021,1.4019588
1681,60,2,2022,6.657042
1682,60,2,2023,6.0911417
1683,60,2,2024,0.9852566
1684,61,2,2014,8.364155
1685,61,2,2015,7.868909
1686,61,2,2016,8.790343
1687,61,2,2017,3.6270962
1688,61,2,2018,4.0611634
1689,61,2,2019,5.5686855
1690,61,2,2020,5.0523667
1691,61,2,2021,4.14968
1692,61,2,2022,7.6507916
1693,61,2,2023,7.1147594
1694,61,2,2024,6.22479498
1695,62,2,2014,0.97603506
1696,62,2,2015,0.60024816
1697,62,2,2016,0.31666666
1698,62,2,2017,1.3814588
1699,62,2,2018,1.703498
1700,62,2,2019,2.6336992
1701,62,2,2020,1.2724603
1702,62,2,2021,2.67572
1703,62,2,2022,10.001208
1704,62,2,2023,3.8383934
1705,62,2,2024,3.347543
1706,63,2,2014,1.2275075
1707,63,2,2015,0.29270464
1708,63,2,2016,0.6462403
1709,63,2,2017,1.8507876
1710,63,2,2018,1.598297
1711,63,2,2019,1.6196319
1712,63,2,2020,1.7145617
1713,63,2,2021,3.9411206
1714,63,2,2022,7.172225
1715,63,2,2023,5.733163
1716,63,2,2024,2.922798
1717,64,2,2014,8.047411
1718,64,2,2015,9.009435
1719,64,2,2016,15.696813
1720,64,2,2017,16.502266
1721,64,2,2018,12.095106
1722,64,2,2019,11.396422
1723,64,2,2020,13.246023
1724,64,2,2021,16.952847
1725,64,2,2022,18.847187
1726,64,2,2023,24.65955
1727,64,2,2024,33.242096
1728,65,2,2014,-0.28170502
1729,65,2,2015,-0.29992047
1730,65,2,2016,-0.23929079
1731,65,2,2017,1.3516189
1732,65,2,2018,1.458313
1733,65,2,2019,0.76643956
1734,65,2,2020,1.2000735
1735,65,2,2021,3.2307491
1736,65,2,2022,14.204718
1737,65,2,2023,9.361873
1738,65,2,2024,3.4897408
1739,66,2,2014,2.041703
1740,66,2,2015,2.1711366
1741,66,2,2016,3.55
1742,66,2,2017,1.8751006
1743,66,2,2018,2.7648313
1744,66,2,2019,2.16773
1745,66,2,2020,1.2865849
1746,66,2,2021,3.4838805
1747,66,2,2022,5.764123
1748,66,2,2023,5.51785
1749,66,2,2024,3.1453013
1750,67,2,2014,7.189384
1751,67,2,2015,2.529328
1752,67,2,2016,3.765119
1753,67,2,2017,4.085374
1754,67,2,2018,5.0780573
1755,67,2,2019,10.5783615
1756,67,2,2020,9.739993
1757,67,2,2021,9.49621
1758,67,2,2022,19.87386
1759,67,2,2023,30.768127
1760,67,2,2024,12.632532
1761,68,2,2014,5.0288277
1762,68,2,2015,3.1290028
1763,68,2,2016,4.086823
1764,68,2,2017,3.6024773
1765,68,2,2018,3.9756103
1766,68,2,2019,2.7570972
1767,68,2,2020,1.7675159
1768,68,2,2021,4.787983
1769,68,2,2022,9.765567
1770,68,2,2023,4.632023
1771,68,2,2024,3.8354027
1772,69,2,2014,3.4119458
1773,69,2,2015,3.398092
1774,69,2,2016,3.5571766
1775,69,2,2017,2.9949005
1776,69,2,2018,1.5091542
1777,69,2,2019,2.252122
1778,69,2,2020,2.002412
1779,69,2,2021,4.2716637
1780,69,2,2022,8.333706
1781,69,2,2023,6.4556136
1782,69,2,2024,2.0077074
1783,70,2,2014,3.5978234
1784,70,2,2015,0.67419255
1785,70,2,2016,1.2536988
1786,70,2,2017,2.8531878
1787,70,2,2018,5.3093467
1788,70,2,2019,2.3920653
1789,70,2,2020,2.3931625
1790,70,2,2021,3.9271803
1791,70,2,2022,5.821158
1792,70,2,2023,5.978025
1793,70,2,2024,3.2126048
1794,71,2,2014,0.053821314
1795,71,2,2015,-0.8741259
1796,71,2,2016,-0.6647673
1797,71,2,2017,2.0759356
1798,71,2,2018,1.8129516
1799,71,2,2019,2.2274787
1800,71,2,2020,3.3744698
1801,71,2,2021,5.055027
1802,71,2,2022,14.429451
1803,71,2,2023,11.528913
1804,71,2,2024,3.790609
1805,72,2,2014,-0.27815336
1806,72,2,2015,0.4879386
1807,72,2,2016,0.6073971
1808,72,2,2017,1.3686141
1809,72,2,2018,0.9937157
1810,72,2,2019,0.3381784
1811,72,2,2020,-0.01243833
1812,72,2,2021,1.2656572
1813,72,2,2022,7.832691
1814,72,2,2023,4.3112817
1815,72,2,2024,2.416132
1816,73,2,2014,1.0683099
1817,73,2,2015,-0.59415644
1818,73,2,2016,-1.5447967
1819,73,2,2017,1.3390212
1820,73,2,2018,4.6254845
1821,73,2,2019,3.8278544
1822,73,2,2020,2.631073
1823,73,2,2021,5.0523286
1824,73,2,2022,13.795488
1825,73,2,2023,10.397187
1826,73,2,2024,5.7214055
1827,74,2,2014,7.823412
1828,74,2,2015,15.534405
1829,74,2,2016,7.0424476
1830,74,2,2017,3.6833293
1831,74,2,2018,2.8782973
1832,74,2,2019,4.4703665
1833,74,2,2020,3.3816593
1834,74,2,2021,6.694459
1835,74,2,2022,6.438547
1836,74,2,2023,6.438547
1837,74,2,2024,6.438547
1838,75,2,2014,2.082448
1839,75,2,2015,1.3923582
1840,75,2,2016,1.122314
1841,75,2,2017,3.1310625
1842,75,2,2018,1.9598408
1843,75,2,2019,1.8492298
1844,75,2,2020,1.5755329
1845,75,2,2021,4.085103
1846,75,2,2022,11.981512
1847,75,2,2023,12.371904
1848,75,2,2024,4.67053
1849,76,2,2014,4.639312
1850,76,2,2015,6.6894355
1851,76,2,2016,10.886061
1852,76,2,2017,18.22151
1853,76,2,2018,16.029545
1854,76,2,2019,14.804999
1855,76,2,2020,13.446871
1856,76,2,2021,11.873959
1857,76,2,2022,27.208288
1858,76,2,2023,47.64287
1859,76,2,2024,28.63375
1860,77,2,2014,0.19934383
1861,77,2,2015,-0.5255523
1862,77,2,2016,-0.05499954
1863,77,2,2017,1.4291074
1864,77,2,2018,1.7386086
1865,77,2,2019,1.6305226
1866,77,2,2020,-0.054856814
1867,77,2,2021,1.917065
1868,77,2,2022,8.833699
1869,77,2,2023,7.446877
1870,77,2,2024,1.9656266
1871,78,2,2014,1.2747744
1872,78,2,2015,0.7063318
1873,78,2,2016,0.97168577
1874,78,2,2017,1.9443324
1875,78,2,2018,1.4758394
1876,78,2,2019,0.3830003
1877,78,2,2020,0.537288
1878,78,2,2021,2.4983332
1879,78,2,2022,5.089514
1880,78,2,2023,3.5974562
1881,78,2,2024,2.3217432
1882,79,2,2014,-0.15111484
1883,79,2,2015,-0.50036573
1884,79,2,2016,-0.202598
1885,79,2,2017,1.9560764
1886,79,2,2018,1.6749814
1887,79,2,2019,0.699519
1888,79,2,2020,-0.322753
1889,79,2,2021,3.093135
1890,79,2,2022,8.390576
1891,79,2,2023,3.5323613
1892,79,2,2024,2.7741783
1893,80,2,2014,3.1790023
1894,80,2,2015,3.7683678
1895,80,2,2016,3.9588885
1896,80,2,2017,7.704138
1897,80,2,2018,2.1350377
1898,80,2,2019,3.5283935
1899,80,2,2020,6.153945
1900,80,2,2021,7.0147805
1901,80,2,2022,49.721104
1902,80,2,2023,16.541174
1903,80,2,2024,-0.42936006
1904,81,2,2014,3.3834128
1905,81,2,2015,6.8939037
1906,81,2,2016,55.412388
1907,81,2,2017,21.996943
1908,81,2,2018,33.55100594444445
1909,81,2,2019,33.55100594444445
1910,81,2,2020,34.889786
1911,81,2,2021,59.119663
1912,81,2,2022,52.446026
1913,81,2,2023,51.587315
1914,81,2,2024,16.229616
1915,82,2,2014,-0.17963849
1916,82,2,2015,-0.046784744
1917,82,2,2016,0.98426926
1918,82,2,2017,1.794499
1919,82,2,2018,1.9535353
1920,82,2,2019,1.784151
1921,82,2,2020,0.49736732
1922,82,2,2021,2.1631973
1923,82,2,2022,8.369291
1924,82,2,2023,8.548625
1925,82,2,2024,2.8358166
1926,83,2,2014,-0.013202539
1927,83,2,2015,-1.1439086
1928,83,2,2016,-0.43461865
1929,83,2,2017,0.53378785
1930,83,2,2018,0.93633544
1931,83,2,2019,0.3628862
1932,83,2,2020,-0.72587496
1933,83,2,2021,0.58181417
1934,83,2,2022,2.835028
1935,83,2,2023,2.1354008
1936,83,2,2024,1.0623404
1937,84,2,2014,6.131614
1938,84,2,2015,5.5881696
1939,84,2,2016,5.174766
1940,84,2,2017,5.318716
1941,84,2,2018,3.4944584
1942,84,2,2019,3.4642806
1943,84,2,2020,3.2902906
1944,84,2,2021,3.6909196
1945,84,2,2022,4.350272
1946,84,2,2023,3.799233
1947,84,2,2024,3.0569468
1948,85,2,2014,4.625551
1949,85,2,2015,4.4373713
1950,85,2,2016,3.6293993
1951,85,2,2017,5.3088484
1952,85,2,2018,7.307592
1953,85,2,2019,6.720075
1954,85,2,2020,5.634151
1955,85,2,2021,5.7063503
1956,85,2,2022,8.306461
1957,85,2,2023,9.328996
1958,85,2,2024,7.2066164
1959,86,2,2014,3.0757067
1960,86,2,2015,5.589686
1961,86,2,2016,5.706375
1962,86,2,2017,5.2097173
1963,86,2,2018,2.6160119
1964,86,2,2019,2.867588
1965,86,2,2020,3.3133228
1966,86,2,2021,2.204572
1967,86,2,2022,7.195789
1968,86,2,2023,5.350948
1969,86,2,2024,3.3233807
1970,87,2,2014,12.0718565
1971,87,2,2015,48.699863
1972,87,2,2016,13.91271
1973,87,2,2017,14.438323
1974,87,2,2018,10.951856
1975,87,2,2019,7.8867173
1976,87,2,2020,2.7324922
1977,87,2,2021,9.363139
1978,87,2,2022,20.183636
1979,87,2,2023,12.849022
1980,87,2,2024,6.5019846
1981,88,2,2014,1.4511201
1982,88,2,2015,0.36804685
1983,88,2,2016,1.0084174
1984,88,2,2017,2.5577557
1985,88,2,2018,2.29284
1986,88,2,2019,1.7381046
1987,88,2,2020,0.9894867
1988,88,2,2021,2.518371
1989,88,2,2022,7.922049
1990,88,2,2023,6.7939672
1991,88,2,2024,3.2715728
1992,89,2,2014,1.622223
1993,89,2,2015,0.11862714
1994,89,2,2016,1.2615832
1995,89,2,2017,2.13011
1996,89,2,2018,2.4425833
1997,89,2,2019,1.8122101
1998,89,2,2020,1.2335844
1999,89,2,2021,4.697859
2000,89,2,2022,8.0028
2001,89,2,2023,4.1163383
2002,89,2,2024,2.949525
2003,90,2,2014,2.9986422
2004,90,2,2015,2.10439
2005,90,2,2016,2.0905666
2006,90,2,2017,3.3082807
2007,90,2,2018,2.8301494
2008,90,2,2019,1.8299168
2009,90,2,2020,1.7675159
2010,90,2,2021,4.0285287
2011,90,2,2022,8.811092
2012,90,2,2023,5.077195
2013,90,2,2024,3.236603
2014,91,2,2014,4.0845547
2015,91,2,2015,0.6312009
2016,91,2,2016,2.6682482
2017,91,2,2017,3.520257
2018,91,2,2018,3.539628
2019,91,2,2019,2.7958236
2020,91,2,2020,3.2209344
2021,91,2,2021,1.8347156
2022,91,2,2022,3.1565075
2023,91,2,2023,3.2528927
2024,91,2,2024,3.6210928
2025,92,2,2014,2.3544905
2026,92,2,2015,1.4438572
2027,92,2,2016,1.6055392
2028,92,2,2017,2.2542765
2029,92,2,2018,2.4425833
2030,92,2,2019,2.206073
2031,92,2,2020,1.9056636
2032,92,2,2021,3.4754033
2033,92,2,2022,7.922049
2034,92,2,2023,5.870103
2035,92,2,2024,3.0144758
2036,93,2,2014,-0.19778481
2037,93,2,2015,-2.4309685
2038,93,2,2016,-1.5436696
2039,93,2,2017,0.8939623
2040,93,2,2018,10.618866
2041,93,2,2019,255.305
2042,93,2,2020,557.20184
2043,93,2,2021,98.546104
2044,93,2,2022,104.70517
2045,93,2,2023,113.67761326555556
2046,93,2,2024,113.67761326555556
2047,1,3,2014,2903748.0
2048,1,3,2015,2898634.0
2049,1,3,2016,2897868.0
2050,1,3,2017,2898245.0
2051,1,3,2018,2894229.0
2052,1,3,2019,2885011.0
2053,1,3,2020,2871950.0
2054,1,3,2021,2849641.0
2055,1,3,2022,2827614.0
2056,1,3,2023,2811660.0
2057,1,3,2024,2873860.0
2058,2,3,2014,39205035.0
2059,2,3,2015,40019528.0
2060,2,3,2016,40850719.0
2061,2,3,2017,41689302.0
2062,2,3,2018,42505033.0
2063,2,3,2019,43294551.0
2064,2,3,2020,44042094.0
2065,2,3,2021,44761099.0
2066,2,3,2022,45477391.0
2067,2,3,2023,46164222.0
2068,2,3,2024,42800897.4
2069,3,3,2014,8547812.0
2070,3,3,2015,8644037.0
2071,3,3,2016,8737920.0
2072,3,3,2017,8798779.0
2073,3,3,2018,8841653.0
2074,3,3,2019,8880876.0
2075,3,3,2020,8921402.0
2076,3,3,2021,8967053.0
2077,3,3,2022,9064678.0
2078,3,3,2023,9130434.0
2079,3,3,2024,8853464.4
2080,4,3,2014,9631136.0
2081,4,3,2015,9752859.0
2082,4,3,2016,9868434.0
2083,4,3,2017,9968510.0
2084,4,3,2018,10039782.0
2085,4,3,2019,10110483.0
2086,4,3,2020,10181736.0
2087,4,3,2021,10234372.0
2088,4,3,2022,10295307.0
2089,4,3,2023,10318209.0
2090,4,3,2024,10040082.8
2091,5,3,2014,157964931.0
2092,5,3,2015,159383179.0
2093,5,3,2016,160811934.0
2094,5,3,2017,162186146.0
2095,5,3,2018,163523109.0
2096,5,3,2019,164913060.0
2097,5,3,2020,166298024.0
2098,5,3,2021,167658855.0
2099,5,3,2022,169384891.0
2100,5,3,2023,171466986.0
2101,5,3,2024,164359111.5
2102,6,3,2014,9472704.0
2103,6,3,2015,9487289.0
2104,6,3,2016,9499066.0
2105,6,3,2017,9495793.0
2106,6,3,2018,9480031.0
2107,6,3,2019,9435415.0
2108,6,3,2020,9350943.0
2109,6,3,2021,9251368.0
2110,6,3,2022,9173240.0
2111,6,3,2023,9115679.0
2112,6,3,2024,9376152.8
2113,7,3,2014,11210113.0
2114,7,3,2015,11275332.0
2115,7,3,2016,11332707.0
2116,7,3,2017,11376583.0
2117,7,3,2018,11428608.0
2118,7,3,2019,11490623.0
2119,7,3,2020,11540102.0
2120,7,3,2021,11570843.0
2121,7,3,2022,11641814.0
2122,7,3,2023,11712891.0
2123,7,3,2024,11457961.6
2124,8,3,2014,733151.0
2125,8,3,2015,740623.0
2126,8,3,2016,747878.0
2127,8,3,2017,754343.0
2128,8,3,2018,759766.0
2129,8,3,2019,764830.0
2130,8,3,2020,770013.0
2131,8,3,2021,775450.0
2132,8,3,2022,780921.0
2133,8,3,2023,786386.0
2134,8,3,2024,761336.1
2135,9,3,2014,3564831.0
2136,9,3,2015,3518541.0
2137,9,3,2016,3472997.0
2138,9,3,2017,3428684.0
2139,9,3,2018,3386999.0
2140,9,3,2019,3345532.0
2141,9,3,2020,3299352.0
2142,9,3,2021,3244912.0
2143,9,3,2022,3204802.0
2144,9,3,2023,3185072.0
2145,9,3,2024,3365172.2
2146,10,3,2014,200085126.0
2147,10,3,2015,201675534.0
2148,10,3,2016,203218108.0
2149,10,3,2017,204703440.0
2150,10,3,2018,206107265.0
2151,10,3,2019,207455459.0
2152,10,3,2020,208660845.0
2153,10,3,2021,209550291.0
2154,10,3,2022,210306411.0
2155,10,3,2023,211140731.0
2156,10,3,2024,206290321.0
2157,11,3,2014,7223450.0
2158,11,3,2015,7177515.0
2159,11,3,2016,7127436.0
2160,11,3,2017,7075642.0
2161,11,3,2018,7024745.0
2162,11,3,2019,6975466.0
2163,11,3,2020,6933656.0
2164,11,3,2021,6877222.0
2165,11,3,2022,6825862.0
2166,11,3,2023,6795805.0
2167,11,3,2024,7003679.9
2168,12,3,2014,15396771.0
2169,12,3,2015,15623253.0
2170,12,3,2016,15852802.0
2171,12,3,2017,16073374.0
2172,12,3,2018,16274522.0
2173,12,3,2019,16481305.0
2174,12,3,2020,16725484.0
2175,12,3,2021,16974309.0
2176,12,3,2022,17201721.0
2177,12,3,2023,17423884.0
2178,12,3,2024,16402742.5
2179,13,3,2014,35634265.0
2180,13,3,2015,35962236.0
2181,13,3,2016,36353345.0
2182,13,3,2017,36808498.0
2183,13,3,2018,37294996.0
2184,13,3,2019,37782934.0
2185,13,3,2020,38171903.0
2186,13,3,2021,38454058.0
2187,13,3,2022,38821259.0
2188,13,3,2023,39299098.0
2189,13,3,2024,37458259.2
2190,14,3,2014,4623187.0
2191,14,3,2015,4629322.0
2192,14,3,2016,4713663.0
2193,14,3,2017,4793512.0
2194,14,3,2018,4878663.0
2195,14,3,2019,4944708.0
2196,14,3,2020,5026629.0
2197,14,3,2021,5112103.0
2198,14,3,2022,5098038.0
2199,14,3,2023,5152415.0
2200,14,3,2024,4897224.0
2201,15,3,2014,14188680.0
2202,15,3,2015,14647626.0
2203,15,3,2016,15114652.0
2204,15,3,2017,15622756.0
2205,15,3,2018,16156535.0
2206,15,3,2019,16685223.0
2207,15,3,2020,17224686.0
2208,15,3,2021,17828274.0
2209,15,3,2022,18455319.0
2210,15,3,2023,19319075.0
2211,15,3,2024,16524282.6
2212,16,3,2014,17864192.0
2213,16,3,2015,18047630.0
2214,16,3,2016,18267225.0
2215,16,3,2017,18558868.0
2216,16,3,2018,18893185.0
2217,16,3,2019,19197748.0
2218,16,3,2020,19370621.0
2219,16,3,2021,19456323.0
2220,16,3,2022,19553033.0
2221,16,3,2023,19658833.0
2222,16,3,2024,18886765.8
2223,17,3,2014,46565426.0
2224,17,3,2015,46969938.0
2225,17,3,2016,47437513.0
2226,17,3,2017,48131076.0
2227,17,3,2018,49024463.0
2228,17,3,2019,49907987.0
2229,17,3,2020,50629997.0
2230,17,3,2021,51188174.0
2231,17,3,2022,51737944.0
2232,17,3,2023,52321152.0
2233,17,3,2024,49391367.0
2234,18,3,2014,4975887.0
2235,18,3,2015,5097583.0
2236,18,3,2016,5222545.0
2237,18,3,2017,5351013.0
2238,18,3,2018,5483128.0
2239,18,3,2019,5616656.0
2240,18,3,2020,5752792.0
2241,18,3,2021,5892187.0
2242,18,3,2022,6035104.0
2243,18,3,2023,6182890.0
2244,18,3,2024,5560978.5
2245,19,3,2014,4767126.0
2246,19,3,2015,4818045.0
2247,19,3,2016,4867003.0
2248,19,3,2017,4913177.0
2249,19,3,2018,4957813.0
2250,19,3,2019,4999549.0
2251,19,3,2020,5034323.0
2252,19,3,2021,5059991.0
2253,19,3,2022,5081764.0
2254,19,3,2023,5105526.0
2255,19,3,2024,4960431.7
2256,20,3,2014,24527393.0
2257,20,3,2015,25246347.0
2258,20,3,2016,25989404.0
2259,20,3,2017,26733376.0
2260,20,3,2018,27464175.0
2261,20,3,2019,28193014.0
2262,20,3,2020,28915452.0
2263,20,3,2021,29639737.0
2264,20,3,2022,30395004.0
2265,20,3,2023,31165653.0
2266,20,3,2024,27826955.5
2267,21,3,2014,1201806.0
2268,21,3,2015,1219504.0
2269,21,3,2016,1237114.0
2270,21,3,2017,1254274.0
2271,21,3,2018,1270743.0
2272,21,3,2019,1286669.0
2273,21,3,2020,1302250.0
2274,21,3,2021,1317311.0
2275,21,3,2022,1331376.0
2276,21,3,2023,1344981.0
2277,21,3,2024,1276602.8
2278,22,3,2014,10517223.0
2279,22,3,2015,10524418.0
2280,22,3,2016,10531946.0
2281,22,3,2017,10541343.0
2282,22,3,2018,10548934.0
2283,22,3,2019,10554872.0
2284,22,3,2020,10550129.0
2285,22,3,2021,10530683.0
2286,22,3,2022,10673216.0
2287,22,3,2023,10809722.0
2288,22,3,2024,10578248.6
2289,23,3,2014,5643795.0
2290,23,3,2015,5683698.0
2291,23,3,2016,5728196.0
2292,23,3,2017,5765164.0
2293,23,3,2018,5793824.0
2294,23,3,2019,5814618.0
2295,23,3,2020,5831529.0
2296,23,3,2021,5856774.0
2297,23,3,2022,5902901.0
2298,23,3,2023,5948134.0
2299,23,3,2024,5796863.3
2300,24,3,2014,10315523.0
2301,24,3,2015,10434826.0
2302,24,3,2016,10551430.0
2303,24,3,2017,10666846.0
2304,24,3,2018,10782048.0
2305,24,3,2019,10894043.0
2306,24,3,2020,11008298.0
2307,24,3,2021,11123480.0
2308,24,3,2022,11230734.0
2309,24,3,2023,11331269.0
2310,24,3,2024,10833849.7
2311,25,3,2014,16035127.0
2312,25,3,2015,16266229.0
2313,25,3,2016,16505142.0
2314,25,3,2017,16759515.0
2315,25,3,2018,17049542.0
2316,25,3,2019,17340017.0
2317,25,3,2020,17546058.0
2318,25,3,2021,17682454.0
2319,25,3,2022,17823900.0
2320,25,3,2023,17980079.0
2321,25,3,2024,17098806.3
2322,26,3,2014,1314457.0
2323,26,3,2015,1314580.0
2324,26,3,2016,1315850.0
2325,26,3,2017,1317430.0
2326,26,3,2018,1321972.0
2327,26,3,2019,1326822.0
2328,26,3,2020,1329675.0
2329,26,3,2021,1331750.0
2330,26,3,2022,1350093.0
2331,26,3,2023,1367195.0
2332,26,3,2024,1328982.4
2333,27,3,2014,101115615.0
2334,27,3,2015,103867140.0
2335,27,3,2016,106718163.0
2336,27,3,2017,109666482.0
2337,27,3,2018,112664157.0
2338,27,3,2019,115737384.0
2339,27,3,2020,118917670.0
2340,27,3,2021,122138588.0
2341,27,3,2022,125384285.0
2342,27,3,2023,128691695.0
2343,27,3,2024,114490117.9
2344,28,3,2014,917589.0
2345,28,3,2015,918585.0
2346,28,3,2016,919167.0
2347,28,3,2017,918762.0
2348,28,3,2018,917185.0
2349,28,3,2019,914906.0
2350,28,3,2020,914971.0
2351,28,3,2021,916718.0
2352,28,3,2022,919428.0
2353,28,3,2023,924150.0
2354,28,3,2024,918146.1
2355,29,3,2014,5461686.0
2356,29,3,2015,5479719.0
2357,29,3,2016,5495468.0
2358,29,3,2017,5508398.0
2359,29,3,2018,5515730.0
2360,29,3,2019,5521754.0
2361,29,3,2020,5529616.0
2362,29,3,2021,5541069.0
2363,29,3,2022,5569300.0
2364,29,3,2023,5601185.0
2365,29,3,2024,5522392.5
2366,30,3,2014,64692495.0
2367,30,3,2015,64916337.0
2368,30,3,2016,65086853.0
2369,30,3,2017,65284775.0
2370,30,3,2018,65519537.0
2371,30,3,2019,65729460.0
2372,30,3,2020,65905273.0
2373,30,3,2021,66083547.0
2374,30,3,2022,66277412.0
2375,30,3,2023,66438828.0
2376,30,3,2024,65593451.7
2377,31,3,2014,3792921.0
2378,31,3,2015,3791570.0
2379,31,3,2016,3792061.0
2380,31,3,2017,3792860.0
2381,31,3,2018,3794881.0
2382,31,3,2019,3796722.0
2383,31,3,2020,3795680.0
2384,31,3,2021,3788450.0
2385,31,3,2022,3794782.0
2386,31,3,2023,3807494.0
2387,31,3,2024,3794742.1
2388,32,3,2014,81376078.0
2389,32,3,2015,82077546.0
2390,32,3,2016,82760102.0
2391,32,3,2017,83104010.0
2392,32,3,2018,83368507.0
2393,32,3,2019,83559184.0
2394,32,3,2020,83628711.0
2395,32,3,2021,83697080.0
2396,32,3,2022,84086227.0
2397,32,3,2023,84548233.0
2398,32,3,2024,83220567.8
2399,33,3,2014,28041592.0
2400,33,3,2015,28696071.0
2401,33,3,2016,29356736.0
2402,33,3,2017,30008364.0
2403,33,3,2018,30637592.0
2404,33,3,2019,31258943.0
2405,33,3,2020,31887802.0
2406,33,3,2021,32518662.0
2407,33,3,2022,33149152.0
2408,33,3,2023,33787916.0
2409,33,3,2024,30934283.0
2410,34,3,2014,10893169.0
2411,34,3,2015,10820902.0
2412,34,3,2016,10775506.0
2413,34,3,2017,10753532.0
2414,34,3,2018,10730846.0
2415,34,3,2019,10718581.0
2416,34,3,2020,10699370.0
2417,34,3,2021,10579561.0
2418,34,3,2022,10412481.0
2419,34,3,2023,10242910.0
2420,34,3,2024,10662685.8
2421,35,3,2014,15681725.0
2422,35,3,2015,15971745.0
2423,35,3,2016,16268761.0
2424,35,3,2017,16567363.0
2425,35,3,2018,16845688.0
2426,35,3,2019,17103803.0
2427,35,3,2020,17357331.0
2428,35,3,2021,17598652.0
2429,35,3,2022,17847877.0
2430,35,3,2023,18124841.0
2431,35,3,2024,16936778.6
2432,36,3,2014,1741126.0
2433,36,3,2015,1786461.0
2434,36,3,2016,1831898.0
2435,36,3,2017,1877074.0
2436,36,3,2018,1922167.0
2437,36,3,2019,1967704.0
2438,36,3,2020,2013259.0
2439,36,3,2021,2058841.0
2440,36,3,2022,2105535.0
2441,36,3,2023,2153343.0
2442,36,3,2024,1945740.8
2443,37,3,2014,1208317570.0
2444,37,3,2015,1216633405.0
2445,37,3,2016,1224780418.0
2446,37,3,2017,1231575713.0
2447,37,3,2018,1237400292.0
2448,37,3,2019,1243293722.0
2449,37,3,2020,1246978172.0
2450,37,3,2021,1248780609.0
2451,37,3,2022,1254316691.0
2452,37,3,2023,1261155607.0
2453,37,3,2024,1237323219.9
2454,38,3,2014,9063127.0
2455,38,3,2015,9237306.0
2456,38,3,2016,9412380.0
2457,38,3,2017,9588144.0
2458,38,3,2018,9765209.0
2459,38,3,2019,9943637.0
2460,38,3,2020,10119638.0
2461,38,3,2021,10289881.0
2462,38,3,2022,10463880.0
2463,38,3,2023,10644853.0
2464,38,3,2024,9852805.5
2465,39,3,2014,9862843.0
2466,39,3,2015,9839211.0
2467,39,3,2016,9810529.0
2468,39,3,2017,9785608.0
2469,39,3,2018,9774395.0
2470,39,3,2019,9770346.0
2471,39,3,2020,9749459.0
2472,39,3,2021,9707848.0
2473,39,3,2022,9684308.0
2474,39,3,2023,9686465.0
2475,39,3,2024,9767101.2
2476,40,3,2014,258877395.0
2477,40,3,2015,261799249.0
2478,40,3,2016,264627429.0
2479,40,3,2017,267346654.0
2480,40,3,2018,269951847.0
2481,40,3,2019,272489381.0
2482,40,3,2020,274814861.0
2483,40,3,2021,276758056.0
2484,40,3,2022,278830527.0
2485,40,3,2023,281190068.0
2486,40,3,2024,270668546.7
2487,41,3,2014,4658236.0
2488,41,3,2015,4702497.0
2489,41,3,2016,4753506.0
2490,41,3,2017,4810258.0
2491,41,3,2018,4872559.0
2492,41,3,2019,4933493.0
2493,41,3,2020,4982602.0
2494,41,3,2021,5028428.0
2495,41,3,2022,5110015.0
2496,41,3,2023,5196629.0
2497,41,3,2024,4904822.3
2498,42,3,2014,7897173.0
2499,42,3,2015,8052916.0
2500,42,3,2016,8210006.0
2501,42,3,2017,8361796.0
2502,42,3,2018,8510067.0
2503,42,3,2019,8657466.0
2504,42,3,2020,8800380.0
2505,42,3,2021,8942925.0
2506,42,3,2022,9103143.0
2507,42,3,2023,9256311.0
2508,42,3,2024,8579218.3
2509,43,3,2014,60664169.0
2510,43,3,2015,60575314.0
2511,43,3,2016,60478103.0
2512,43,3,2017,60390317.0
2513,43,3,2018,60277496.0
2514,43,3,2019,60130136.0
2515,43,3,2020,59912763.0
2516,43,3,2021,59729353.0
2517,43,3,2022,59619106.0
2518,43,3,2023,59499452.0
2519,43,3,2024,60127620.9
2520,44,3,2014,127486601.0
2521,44,3,2015,127275868.0
2522,44,3,2016,127159950.0
2523,44,3,2017,127064686.0
2524,44,3,2018,126913432.0
2525,44,3,2019,126699421.0
2526,44,3,2020,126304533.0
2527,44,3,2021,125679342.0
2528,44,3,2022,124997585.0
2529,44,3,2023,124370947.0
2530,44,3,2024,126395236.5
2531,45,3,2014,17816285.0
2532,45,3,2015,18084175.0
2533,45,3,2016,18363600.0
2534,45,3,2017,18651931.0
2535,45,3,2018,18932725.0
2536,45,3,2019,19209556.0
2537,45,3,2020,19482116.0
2538,45,3,2021,19743607.0
2539,45,3,2022,20034612.0
2540,45,3,2023,20330109.0
2541,45,3,2024,19064871.6
2542,46,3,2014,5898322.0
2543,46,3,2015,6001876.0
2544,46,3,2016,6108460.0
2545,46,3,2017,6220148.0
2546,46,3,2018,6341733.0
2547,46,3,2019,6494036.0
2548,46,3,2020,6664143.0
2549,46,3,2021,6820483.0
2550,46,3,2022,6955792.0
2551,46,3,2023,7073523.0
2552,46,3,2024,6457851.6
2553,47,3,2014,6703170.0
2554,47,3,2015,6801647.0
2555,47,3,2016,6908800.0
2556,47,3,2017,7018150.0
2557,47,3,2018,7128043.0
2558,47,3,2019,7237635.0
2559,47,3,2020,7346534.0
2560,47,3,2021,7453192.0
2561,47,3,2022,7559008.0
2562,47,3,2023,7665001.0
2563,47,3,2024,7182118.0
2564,48,3,2014,1994153.0
2565,48,3,2015,1977874.0
2566,48,3,2016,1959863.0
2567,48,3,2017,1942599.0
2568,48,3,2018,1927586.0
2569,48,3,2019,1914267.0
2570,48,3,2020,1901119.0
2571,48,3,2021,1885593.0
2572,48,3,2022,1881059.0
2573,48,3,2023,1882399.0
2574,48,3,2024,1926651.2
2575,49,3,2014,6346993.0
2576,49,3,2015,6472470.0
2577,49,3,2016,6323061.0
2578,49,3,2017,6160129.0
2579,49,3,2018,5984120.0
2580,49,3,2019,5794601.0
2581,49,3,2020,5702400.0
2582,49,3,2021,5718129.0
2583,49,3,2022,5744492.0
2584,49,3,2023,5773494.0
2585,49,3,2024,6001988.9
2586,50,3,2014,2933171.0
2587,50,3,2015,2905771.0
2588,50,3,2016,2869109.0
2589,50,3,2017,2829317.0
2590,50,3,2018,2802485.0
2591,50,3,2019,2795057.0
2592,50,3,2020,2795766.0
2593,50,3,2021,2794490.0
2594,50,3,2022,2816923.0
2595,50,3,2023,2854104.0
2596,50,3,2024,2839619.3
2597,51,3,2014,577586378.0
2598,51,3,2015,592175407.0
2599,51,3,2016,607867477.0
2600,51,3,2017,624556994.0
2601,51,3,2018,642186193.0
2602,51,3,2019,660718366.0
2603,51,3,2020,679560744.0
2604,51,3,2021,698215207.0
2605,51,3,2022,716865785.0
2606,51,3,2023,736466395.0
2607,51,3,2024,653619894.6
2608,52,3,2014,2887643098.0
2609,52,3,2015,2931203433.0
2610,52,3,2016,2974455448.0
2611,52,3,2017,3017492200.0
2612,52,3,2018,3059616821.0
2613,52,3,2019,3101052514.0
2614,52,3,2020,3141910136.0
2615,52,3,2021,3180608692.0
2616,52,3,2022,3216231050.0
2617,52,3,2023,3253459082.0
2618,52,3,2024,3076367247.4
2619,53,3,2014,24764356.0
2620,53,3,2015,25426703.0
2621,53,3,2016,26099950.0
2622,53,3,2017,26788379.0
2623,53,3,2018,27494930.0
2624,53,3,2019,28219559.0
2625,53,3,2020,28953560.0
2626,53,3,2021,29691087.0
2627,53,3,2022,30437261.0
2628,53,3,2023,31195937.0
2629,53,3,2024,27907172.2
2630,54,3,2014,16621534.0
2631,54,3,2015,17085587.0
2632,54,3,2016,17557741.0
2633,54,3,2017,18039714.0
2634,54,3,2018,18528086.0
2635,54,3,2019,19025748.0
2636,54,3,2020,19533885.0
2637,54,3,2021,20047264.0
2638,54,3,2022,20568731.0
2639,54,3,2023,21104480.0
2640,54,3,2024,18811277.0
2641,55,3,2014,30696133.0
2642,55,3,2015,31232796.0
2643,55,3,2016,31789692.0
2644,55,3,2017,32355642.0
2645,55,3,2018,32910963.0
2646,55,3,2019,33440590.0
2647,55,3,2020,33889554.0
2648,55,3,2021,34282404.0
2649,55,3,2022,34695494.0
2650,55,3,2023,35126295.0
2651,55,3,2024,33041956.3
2652,56,3,2014,119784265.0
2653,56,3,2015,121072310.0
2654,56,3,2016,122251344.0
2655,56,3,2017,123400052.0
2656,56,3,2018,124573713.0
2657,56,3,2019,125762978.0
2658,56,3,2020,126799053.0
2659,56,3,2021,127648151.0
2660,56,3,2022,128613116.0
2661,56,3,2023,129739761.0
2662,56,3,2024,124964474.3
2663,57,3,2014,3342715.0
2664,57,3,2015,3287168.0
2665,57,3,2016,3237798.0
2666,57,3,2017,3193500.0
2667,57,3,2018,3153779.0
2668,57,3,2019,3112561.0
2669,57,3,2020,3069135.0
2670,57,3,2021,3023780.0
2671,57,3,2022,3039986.0
2672,57,3,2023,3067072.0
2673,57,3,2024,3152749.4
2674,58,3,2014,2913041.0
2675,58,3,2015,2976528.0
2676,58,3,2016,3040815.0
2677,58,3,2017,3104371.0
2678,58,3,2018,3167714.0
2679,58,3,2019,3232118.0
2680,58,3,2020,3290786.0
2681,58,3,2021,3339676.0
2682,58,3,2022,3386015.0
2683,58,3,2023,3431938.0
2684,58,3,2024,3188300.2
2685,59,3,2014,631377.0
2686,59,3,2015,628145.0
2687,59,3,2016,624246.0
2688,59,3,2017,620112.0
2689,59,3,2018,615798.0
2690,59,3,2019,611671.0
2691,59,3,2020,607934.0
2692,59,3,2021,603854.0
2693,59,3,2022,614649.0
2694,59,3,2023,633553.0
2695,59,3,2024,619133.9
2696,60,3,2014,34204784.0
2697,60,3,2015,34607590.0
2698,60,3,2016,35023459.0
2699,60,3,2017,35446395.0
2700,60,3,2018,35839760.0
2701,60,3,2019,36210907.0
2702,60,3,2020,36584208.0
2703,60,3,2021,36954443.0
2704,60,3,2022,37329068.0
2705,60,3,2023,37712516.0
2706,60,3,2024,35991313.0
2707,61,3,2014,27672373.0
2708,61,3,2015,27823631.0
2709,61,3,2016,27955471.0
2710,61,3,2017,28011258.0
2711,61,3,2018,28079688.0
2712,61,3,2019,28414066.0
2713,61,3,2020,28966580.0
2714,61,3,2021,29475016.0
2715,61,3,2022,29715435.0
2716,61,3,2023,29694614.0
2717,61,3,2024,28580813.2
2718,62,3,2014,17030085.0
2719,62,3,2015,17107429.0
2720,62,3,2016,17204693.0
2721,62,3,2017,17315376.0
2722,62,3,2018,17421285.0
2723,62,3,2019,17537505.0
2724,62,3,2020,17636732.0
2725,62,3,2021,17730565.0
2726,62,3,2022,17904421.0
2727,62,3,2023,18092526.0
2728,62,3,2024,17498061.7
2729,63,3,2014,4522976.0
2730,63,3,2015,4614035.0
2731,63,3,2016,4714768.0
2732,63,3,2017,4812749.0
2733,63,3,2018,4900840.0
2734,63,3,2019,4989410.0
2735,63,3,2020,5069895.0
2736,63,3,2021,5107694.0
2737,63,3,2022,5131731.0
2738,63,3,2023,5172837.0
2739,63,3,2024,4903693.5
2740,64,3,2014,185896917.0
2741,64,3,2015,190671883.0
2742,64,3,2016,195443698.0
2743,64,3,2017,200254580.0
2744,64,3,2018,204938752.0
2745,64,3,2019,209485637.0
2746,64,3,2020,213996185.0
2747,64,3,2021,218529286.0
2748,64,3,2022,223150906.0
2749,64,3,2023,227882949.0
2750,64,3,2024,207025079.3
2751,65,3,2014,1997842.0
2752,65,3,2015,1980366.0
2753,65,3,2016,1961268.0
2754,65,3,2017,1940877.0
2755,65,3,2018,1919730.0
2756,65,3,2019,1897643.0
2757,65,3,2020,1872021.0
2758,65,3,2021,1851109.0
2759,65,3,2022,1840236.0
2760,65,3,2023,1831800.0
2761,65,3,2024,1909289.2
2762,66,3,2014,5137397.0
2763,66,3,2015,5189777.0
2764,66,3,2016,5235974.0
2765,66,3,2017,5276807.0
2766,66,3,2018,5311751.0
2767,66,3,2019,5347733.0
2768,66,3,2020,5379275.0
2769,66,3,2021,5408082.0
2770,66,3,2022,5456796.0
2771,66,3,2023,5519167.0
2772,66,3,2024,5326275.9
2773,67,3,2014,214264649.0
2774,67,3,2015,217290884.0
2775,67,3,2016,220138863.0
2776,67,3,2017,223273974.0
2777,67,3,2018,226928893.0
2778,67,3,2019,230800908.0
2779,67,3,2020,235001745.0
2780,67,3,2021,239477805.0
2781,67,3,2022,243700667.0
2782,67,3,2023,247504505.0
2783,67,3,2024,229838289.3
2784,68,3,2014,6069819.0
2785,68,3,2015,6159106.0
2786,68,3,2016,6249129.0
2787,68,3,2017,6338658.0
2788,68,3,2018,6427382.0
2789,68,3,2019,6515059.0
2790,68,3,2020,6603741.0
2791,68,3,2021,6684184.0
2792,68,3,2022,6760460.0
2793,68,3,2023,6844150.0
2794,68,3,2024,6465168.8
2795,69,3,2014,30115825.0
2796,69,3,2015,30457598.0
2797,69,3,2016,30866497.0
2798,69,3,2017,31324639.0
2799,69,3,2018,31897590.0
2800,69,3,2019,32449302.0
2801,69,3,2020,32838577.0
2802,69,3,2021,33155883.0
2803,69,3,2022,33475436.0
2804,69,3,2023,33845616.0
2805,69,3,2024,32042696.3
2806,70,3,2014,103767127.0
2807,70,3,2015,105312988.0
2808,70,3,2016,106735721.0
2809,70,3,2017,108119691.0
2810,70,3,2018,109465284.0
2811,70,3,2019,110804685.0
2812,70,3,2020,112081270.0
2813,70,3,2021,113100947.0
2814,70,3,2022,113964343.0
2815,70,3,2023,114891199.0
2816,70,3,2024,109824325.5
2817,71,3,2014,38265113.0
2818,71,3,2015,38266314.0
2819,71,3,2016,38263260.0
2820,71,3,2017,38254964.0
2821,71,3,2018,38241070.0
2822,71,3,2019,38225884.0
2823,71,3,2020,38171005.0
2824,71,3,2021,38040303.0
2825,71,3,2022,38385734.0
2826,71,3,2023,38762847.0
2827,71,3,2024,38287649.4
2828,72,3,2014,10406203.0
2829,72,3,2015,10370264.0
2830,72,3,2016,10346377.0
2831,72,3,2017,10330838.0
2832,72,3,2018,10325355.0
2833,72,3,2019,10343218.0
2834,72,3,2020,10370519.0
2835,72,3,2021,10390957.0
2836,72,3,2022,10417074.0
2837,72,3,2023,10430735.0
2838,72,3,2024,10373154.0
2839,73,3,2014,19968179.0
2840,73,3,2015,19871018.0
2841,73,3,2016,19777049.0
2842,73,3,2017,19689405.0
2843,73,3,2018,19597874.0
2844,73,3,2019,19501542.0
2845,73,3,2020,19392467.0
2846,73,3,2021,19248159.0
2847,73,3,2022,19166776.0
2848,73,3,2023,19118482.0
2849,73,3,2024,19533095.1
2850,74,3,2014,144925639.0
2851,74,3,2015,145307612.0
2852,74,3,2016,145778668.0
2853,74,3,2017,146186798.0
2854,74,3,2018,146430146.0
2855,74,3,2019,146533063.0
2856,74,3,2020,146371295.0
2857,74,3,2021,145836172.0
2858,74,3,2022,145579889.0
2859,74,3,2023,145440502.0
2860,74,3,2024,145838978.4
2861,75,3,2014,7227203.0
2862,75,3,2015,7177257.0
2863,75,3,2016,7126083.0
2864,75,3,2017,7073507.0
2865,75,3,2018,7020014.0
2866,75,3,2019,6966155.0
2867,75,3,2020,6907814.0
2868,75,3,2021,6835429.0
2869,75,3,2022,6791215.0
2870,75,3,2023,6773204.0
2871,75,3,2024,6989788.1
2872,76,3,2014,6876385.0
2873,76,3,2015,7037660.0
2874,76,3,2016,7205339.0
2875,76,3,2017,7379300.0
2876,76,3,2018,7554568.0
2877,76,3,2019,7731994.0
2878,76,3,2020,7912557.0
2879,76,3,2021,8094603.0
2880,76,3,2022,8276809.0
2881,76,3,2023,8460523.0
2882,76,3,2024,7652973.8
2883,77,3,2014,2058395.0
2884,77,3,2015,2059946.0
2885,77,3,2016,2061379.0
2886,77,3,2017,2062410.0
2887,77,3,2018,2069484.0
2888,77,3,2019,2083438.0
2889,77,3,2020,2102421.0
2890,77,3,2021,2113495.0
2891,77,3,2022,2115231.0
2892,77,3,2023,2118394.0
2893,77,3,2024,2084459.3
2894,78,3,2014,50539055.0
2895,78,3,2015,50983909.0
2896,78,3,2016,51297836.0
2897,78,3,2017,51486268.0
2898,78,3,2018,51640894.0
2899,78,3,2019,51767844.0
2900,78,3,2020,51858481.0
2901,78,3,2021,51848401.0
2902,78,3,2022,51782515.0
2903,78,3,2023,51748744.0
2904,78,3,2024,51495394.7
2905,79,3,2014,46720187.0
2906,79,3,2015,46683683.0
2907,79,3,2016,46732768.0
2908,79,3,2017,46868594.0
2909,79,3,2018,47092817.0
2910,79,3,2019,47435121.0
2911,79,3,2020,47679482.0
2912,79,3,2021,47735670.0
2913,79,3,2022,47828386.0
2914,79,3,2023,47911583.0
2915,79,3,2024,47268829.1
2916,80,3,2014,21547454.0
2917,80,3,2015,21729975.0
2918,80,3,2016,21910763.0
2919,80,3,2017,22087525.0
2920,80,3,2018,22253116.0
2921,80,3,2019,22410552.0
2922,80,3,2020,22561808.0
2923,80,3,2021,22700377.0
2924,80,3,2022,22834965.0
2925,80,3,2023,22971615.0
2926,80,3,2024,22300815.0
2927,81,3,2014,575380.0
2928,81,3,2015,581634.0
2929,81,3,2016,587765.0
2930,81,3,2017,593720.0
2931,81,3,2018,599519.0
2932,81,3,2019,605779.0
2933,81,3,2020,612320.0
2934,81,3,2021,617905.0
2935,81,3,2022,623172.0
2936,81,3,2023,628892.0
2937,81,3,2024,602608.6
2938,82,3,2014,9696438.0
2939,82,3,2015,9799483.0
2940,82,3,2016,9923281.0
2941,82,3,2017,10057864.0
2942,82,3,2018,10175400.0
2943,82,3,2019,10279120.0
2944,82,3,2020,10353682.0
2945,82,3,2021,10416134.0
2946,82,3,2022,10487335.0
2947,82,3,2023,10551493.0
2948,82,3,2024,10174023.0
2949,83,3,2014,8190238.0
2950,83,3,2015,8283940.0
2951,83,3,2016,8374903.0
2952,83,3,2017,8453630.0
2953,83,3,2018,8516341.0
2954,83,3,2019,8577525.0
2955,83,3,2020,8640582.0
2956,83,3,2021,8707019.0
2957,83,3,2022,8792180.0
2958,83,3,2023,8870564.0
2959,83,3,2024,8540692.2
2960,84,3,2014,50351506.0
2961,84,3,2015,52020958.0
2962,84,3,2016,53824012.0
2963,84,3,2017,55652888.0
2964,84,3,2018,57437134.0
2965,84,3,2019,59174889.0
2966,84,3,2020,60972803.0
2967,84,3,2021,62830410.0
2968,84,3,2022,64711822.0
2969,84,3,2023,66617607.0
2970,84,3,2024,58359402.9
2971,85,3,2014,11274295.0
2972,85,3,2015,11402270.0
2973,85,3,2016,11528676.0
2974,85,3,2017,11650504.0
2975,85,3,2018,11765515.0
2976,85,3,2019,11875084.0
2977,85,3,2020,11974058.0
2978,85,3,2021,12048625.0
2979,85,3,2022,12119338.0
2980,85,3,2023,12200434.0
2981,85,3,2024,11783879.9
2982,86,3,2014,36395542.0
2983,86,3,2015,37531444.0
2984,86,3,2016,38799153.0
2985,86,3,2017,40177384.0
2986,86,3,2018,41565839.0
2987,86,3,2019,42999636.0
2988,86,3,2020,44457148.0
2989,86,3,2021,45910931.0
2990,86,3,2022,47312718.0
2991,86,3,2023,48656606.0
2992,86,3,2024,42380640.1
2993,87,3,2014,45972379.0
2994,87,3,2015,45784904.0
2995,87,3,2016,45616831.0
2996,87,3,2017,45436037.0
2997,87,3,2018,45208903.0
2998,87,3,2019,44957451.0
2999,87,3,2020,44680008.0
3000,87,3,2021,44298642.0
3001,87,3,2022,41048768.0
3002,87,3,2023,37732833.0
3003,87,3,2024,44073675.6
3004,88,3,2014,64865914.0
3005,88,3,2015,65382107.0
3006,88,3,2016,65893359.0
3007,88,3,2017,66354473.0
3008,88,3,2018,66752473.0
3009,88,3,2019,67110958.0
3010,88,3,2020,67351860.0
3011,88,3,2021,67668788.0
3012,88,3,2022,68179315.0
3013,88,3,2023,68682965.0
3014,88,3,2024,66824221.2
3015,89,3,2014,323115377.0
3016,89,3,2015,326126496.0
3017,89,3,2016,329179423.0
3018,89,3,2017,332204657.0
3019,89,3,2018,335056492.0
3020,89,3,2019,337790069.0
3021,89,3,2020,339436156.0
3022,89,3,2021,340161438.0
3023,89,3,2022,341534041.0
3024,89,3,2023,343477330.0
3025,89,3,2024,334808147.9
3026,90,3,2014,2676850267.0
3027,90,3,2015,2698929422.0
3028,90,3,2016,2719695289.0
3029,90,3,2017,2740416301.0
3030,90,3,2018,2759864864.0
3031,90,3,2019,2776256179.0
3032,90,3,2020,2789064940.0
3033,90,3,2021,2797561838.0
3034,90,3,2022,2804740302.0
3035,90,3,2023,2811308942.0
3036,90,3,2024,2757468834.4
3037,91,3,2014,91679582.0
3038,91,3,2015,92823254.0
3039,91,3,2016,94000115.0
3040,91,3,2017,95176978.0
3041,91,3,2018,96237319.0
3042,91,3,2019,97173778.0
3043,91,3,2020,98079196.0
3044,91,3,2021,98935101.0
3045,91,3,2022,99680656.0
3046,91,3,2023,100352189.0
3047,91,3,2024,96413816.8
3048,92,3,2014,7381616239.0
3049,92,3,2015,7470491876.0
3050,92,3,2016,7558554527.0
3051,92,3,2017,7645617952.0
3052,92,3,2018,7729902779.0
3053,92,3,2019,7811293699.0
3054,92,3,2020,7887001289.0
3055,92,3,2021,7954448387.0
3056,92,3,2022,8021407196.0
3057,92,3,2023,8091734933.0
3058,92,3,2024,7755206887.7
3059,93,3,2014,14207367.0
3060,93,3,2015,14399008.0
3061,93,3,2016,14600297.0
3062,93,3,2017,14812484.0
3063,93,3,2018,15034457.0
3064,93,3,2019,15271377.0
3065,93,3,2020,15526887.0
3066,93,3,2021,15797220.0
3067,93,3,2022,16069061.0
3068,93,3,2023,16340829.0
3069,93,3,2024,15205898.7
